Species,Common name,Review ID,Zotero ID,Method,Site ID,Longitude,Latitude,Radius,Site Location,Sampling,#IDs,#routes,#conns,Years,Months start,Months end,Months sampled,Activities,Comments,,,,,,
DIAM,Amsterdam Albatross,UZCM8UK8_Waugh_and_Weimerskirch_2003_Diam,UZCM8UK8,T,A,77.53,-37.82,1,"Amsterdam Island (-37.82, 77.53)",SATELLITE TAG (ARGOS),15,2,,1996; 2000,FEB; MAR; APR; (UNK),FEB; MAR; APR; (UNK),,NES,,,,,,,
DIAM,Amsterdam Albatross,UZCM8UK8_Waugh_and_Weimerskirch_2003_Diam,UZCM8UK8,T,B,75,-37,10,"Oceanic waters north of the Subtropical front (-29 - -44, 38-85)",SATELLITE TAG (ARGOS),15,2,,1996; 2000,FEB; MAR; APR; (UNK),FEB; MAR; APR; (UNK),,FEE,,,,,,,
DIEP,Southern Royal Albatross,UZCM8UK8_Waugh_and_Weimerskirch_2003_Diep,UZCM8UK8,T,A,169.1,-52.4,1,"Campbell Island, New Zealand (-52.4, 169.1)",SATELLITE TAG (ARGOS),11,2,,1999,JAN; FEB; (UNK),JAN; FEB; (UNK),,NES,,,,,,,
DIEP,Southern Royal Albatross,UZCM8UK8_Waugh_and_Weimerskirch_2003_Diep,UZCM8UK8,T,B,172,-49,10,"Shelf breaks and plateaus near Campbell Island, Snares Island, Campbell Plateau, and Chatham Rise (-44 - -55, 165-180)",SATELLITE TAG (ARGOS),11,2,,1999,JAN; FEB; (UNK),JAN; FEB; (UNK),,FEE,,,,,,,
DIEX,Wandering Albatross,82BAGZRU_Weimerskirch_etal_2005_Diex,82BAGZRU,T,A,51,-46,1,"Possession Island, Crozet Islands (-46, 51)",SATELLITE TAG (ARGOS),54,2,,1992; 1998; 1999; 2000; 2001,(UNK),(UNK),,NES,,,,,,,
DIEX,Wandering Albatross,82BAGZRU_Weimerskirch_etal_2005_Diex,82BAGZRU,T,B,56.5,-45.5,10,"Subtropical front, subantarctic front, and polar front waters (-37 - -54, 40-73)",SATELLITE TAG (ARGOS),31,2,,1992; 1998; 1999; 2000; 2001,(UNK),(UNK),,FEE,,,,,,,
DIEX,Wandering Albatross,8ZJZH8R3_WEIMERSKIRCH_etal_1993_Diex,8ZJZH8R3,T,A,51,-46,1,"Possession Island, Crozet Islands",SATELLITE TAG (ARGOS),37,,,1989; 1990; 1991,JAN; (UNK),AUG; (UNK),,NES,,,,,,,
DIEX,Wandering Albatross,8ZJZH8R3_WEIMERSKIRCH_etal_1993_Diex,8ZJZH8R3,T,B,51,-46,10,Possession Island surrounding areas prospected during early incubation period,SATELLITE TAG (ARGOS),12,,,1989; 1990; 1991,(UNK),(UNK),,FEE; NES,,,,,,,
DIEX,Wandering Albatross,8ZJZH8R3_WEIMERSKIRCH_etal_1993_Diex,8ZJZH8R3,T,C,51,-46,5,Possession Island surrounding areas prospected during late incubation period,SATELLITE TAG (ARGOS),6,,,1989; 1990; 1991,(UNK),(UNK),,FEE; NES,,,,,,,
DIEX,Wandering Albatross,8ZJZH8R3_WEIMERSKIRCH_etal_1993_Diex,8ZJZH8R3,T,D,51,-46,5,Possession Island surrounding areas prospected during brooding period,SATELLITE TAG (ARGOS),15,,,1990; 1991,(UNK),(UNK),,FEE; NES,,,,,,,
DIEX,Wandering Albatross,8ZJZH8R3_WEIMERSKIRCH_etal_1993_Diex,8ZJZH8R3,T,E,51,-46,10,Possession Island surrounding areas prospected during late chick rearing period,SATELLITE TAG (ARGOS),16,,,1990; 1991,(UNK),(UNK),,FEE; NES,,,,,,,
DIEX,Wandering Albatross,98FNTHPZ_Weimerskirch_etal_1997_Diex,98FNTHPZ,T,A,51,-46,1,"Possession Island (-46.4166, 51.9166), Crozet Islands",SATELLITE TAG (ARGOS),7,,,1994,FEB,FEB; MAR; (UNK),,NES,,,,,,,
DIEX,Wandering Albatross,98FNTHPZ_Weimerskirch_etal_1997_Diex,98FNTHPZ,T,B,51,-46,10,"Feeding distribution during Incubation phase Possession Island (-46.4166, 51.9166), Crozet Islands",SATELLITE TAG (ARGOS),6,,,1994,FEB,FEB; MAR,,FEE; NES,,,,,,,
DIEX,Wandering Albatross,9BAHBRW6_Akesson_and_Welmerskirch_2005_Diex,9BAHBRW6,T,A,51,-46,1,Crozet Islands,Argos,14,1,,2001; 2002,NOV,NOV; DEC,,NES,,,,,,,
DIEX,Wandering Albatross,9BAHBRW6_Akesson_and_Welmerskirch_2005_Diex,9BAHBRW6,T,B,55,-40,10,north-north-east 600 km north of Crozet Islands (crossing subtropical congergence zone),Argos,14,2,,2001; 2002,(UNK),(UNK),,MIG,,,,,,,
DIEX,Wandering Albatross,9BAHBRW6_Akesson_and_Welmerskirch_2005_Diex,9BAHBRW6,T,C,52,-47,10,Subtropical Indian Ocean and Tasman Sea,Argos,14,1,,2001; 2002,(UNK),JAN; FEB; MAR; APR; AUG; (UNK),,FEE,,,,,,,
DIEX,Wandering Albatross,9IQVHPCU_Weimerskirch_etal_1997_Diex,9IQVHPCU,T,A,51,-46,10,"Possession Island, Crozet Islands (-46, 51) foraging distribution during chick rearing",SATELLITE TAG (ARGOS),16,,,1990; 1992,MAY; JUL; (UNK),JUL; AUG; (UNK),,FEE; NES,,,,,,,
DIEX,Wandering Albatross,9KVAD5CG_Akesson_and_Weimerskirch_2014_Diex,9KVAD5CG,T,A,51,-46,1,Crozet Islands,Argos; Geolocator (GLS),21,2,,1996; 2001; 2002; 2007,(UNK),(UNK),,NES,,,,,,,
DIEX,Wandering Albatross,9KVAD5CG_Akesson_and_Weimerskirch_2014_Diex,9KVAD5CG,T,B,40,-45,10,areas of the South Indian Ocean,Argos; Geolocator (GLS),11,1,,1996; 2001; 2002; 2007,JAN; FEB; MAR; APR; (UNK),(UNK),,FEE,,,,,,,
DIEX,Wandering Albatross,9KVAD5CG_Akesson_and_Weimerskirch_2014_Diex,9KVAD5CG,T,C,130,-45,10,"areas east of the Indian Ocean, south of Australia and the Tasman Sea and eastern Pacific Ocean",Argos; Geolocator (GLS),10,1,,1996; 2001; 2002; 2007,JAN; FEB; MAR; APR; (UNK),(UNK),,FEE,,,,,,,
DIEX,Wandering Albatross,D5RW8BUF_Nicholls_etal_2002_Diex,D5RW8BUF,T,A,-38,-54,1,"Bird Island, South Georgia",SATELLITE TAG (ARGOS),9,,,1991; 1996,APR; JUN; JUL,APR; MAY; JUL,,NES,,,,,,,
DIEX,Wandering Albatross,D5RW8BUF_Nicholls_etal_2002_Diex,D5RW8BUF,T,B,-50,-50,10,South Atlantic Ocean Patagonian Shelf,SATELLITE TAG (ARGOS),9,,,1991; 1996,APR; JUN; JUL,APR; MAY; JUL,,FEE,,,,,,,
DIEX,Wandering Albatross,DIEX_3VCMDMJ2_Cooper_and_Weimerskirch_2003,3VCMDMJ2,MR,A,51.73,-46.5,1,Possession Island,Banding,58,,1,,,,,FLE,,,,,,,
DIEX,Wandering Albatross,DIEX_3VCMDMJ2_Cooper_and_Weimerskirch_2003,3VCMDMJ2,MR,B,37.73,-46.9,1,Marion Island,Banding,5,,1,,,,,BRE; FLE,,,,,,,
DIEX,Wandering Albatross,DIEX_3VCMDMJ2_Cooper_and_Weimerskirch_2003,3VCMDMJ2,MR,C,37.73,-46.9,1,Prince Edward Islands,Banding,58,,1,,(UNK),(UNK),,BRE; OBS,,,,,,,
DIEX,Wandering Albatross,DIEX_3VCMDMJ2_Cooper_and_Weimerskirch_2003,3VCMDMJ2,MR,D,51.73,-46.5,1,Possession Island,Banding,5,,1,,,,,BRE; OBS,,,,,,,
DIEX,Wandering Albatross,DIEX_A5X3826R_Weimerskirch_1994,A5X3826R,T,A,51.73,-46.5,1,Possession Island,Argos,28,,,1994,JAN,FEB,,BRE,,,,,,,
DIEX,Wandering Albatross,DIEX_Arnould_etal_1996_RAP4TX3D,RAP4TX3D,T,A,-38,-54,1,"Bird Island, South Georgia (-54, -38.03)",SATELLITE TAG (ARGOS),11,,,1992,MAR,APR,,BRE,,,,,,,
DIEX,Wandering Albatross,DIEX_Arnould_etal_1996_RAP4TX3D,RAP4TX3D,T,B,-39,-54,1,continental shelf edge short foraging trip range,SATELLITE TAG (ARGOS),4,,,1992,MAR,APR,,BRE; FEE,,,,,,,
DIEX,Wandering Albatross,DIEX_Arnould_etal_1996_RAP4TX3D,RAP4TX3D,T,C,-39,-49.5,1,Antarctic Polar Frontal Zone long foraging trip range,SATELLITE TAG (ARGOS),5,,,1992,MAR,APR,,BRE; FEE,,,,,,,
DIEX,Wandering Albatross,DIEX_Berrow_and_Croxall_2001_JI6S6CQC,JI6S6CQC,T,A,-38.05,-54.017,1,"Bird Island, South Georgia (-54.017, -38.05)",RADIO TAG,44,,,1996; 1997,APR,DEC,,BRE; NES,,,,,,,
DIEX,Wandering Albatross,DIEX_Briggs_etal_1993_7RKQUF2F,7RKQUF2F,T,A,-38,-54,1,"Bird Island, South Georgia",Argos,1,2,,,AUG,SEP,,BRE,,,,,,,
DIEX,Wandering Albatross,DIEX_Briggs_etal_1993_7RKQUF2F,7RKQUF2F,T,B,-49,-35,5,coast of southern Brazil,Argos,1,2,,,(UNK),(UNK),,FEE,,,,,,,
DIEX,Wandering Albatross,DIEX_Ceia_etal_2012_UB688PD5,UB688PD5,T,A,-38,-54,1,"Bird Island, South Georgia (-54, -38)",SATELLITE TAG (GPS),36,,,2009,MAY; JUN; JUL; AUG; SEP; OCT,MAY; JUN; JUL; AUG; SEP; OCT,,BRE,,,,,,,
DIEX,Wandering Albatross,DIEX_Ceia_etal_2012_UB688PD5,UB688PD5,T,B,-44,-47.3,5,"Average foraging trip inflection point location of all birds (-47.3, -44)",SATELLITE TAG (GPS),31,,,2009,MAY,OCT,,FEE,,,,,,,
DIEX,Wandering Albatross,DIEX_Croxall_and_Prince_1994_FGR95F4N,FGR95F4N,T,A,-38,-54,1,"Bird Island, South Georgia",satellite,,,,,APR,NOV,,NES,,,,,,,
DIEX,Wandering Albatross,DIEX_Croxall_and_Prince_1994_FGR95F4N,FGR95F4N,T,B,-50,-52,10,distribution range around Bird Island,satellite,,,,,APR,NOV,,FEE,,,,,,,
DIEX,Wandering Albatross,DIEX_de_Grissac_etal_2016_DINI7AH9,DINI7AH9,T,A,51,-46,1,Crozet Island,Argos,12,1,1,,(UNK),(UNK),,FLE,,,,,,,
DIEX,Wandering Albatross,DIEX_de_Grissac_etal_2016_DINI7AH9,DINI7AH9,T,B,70.25,-49.67,1,Kerguelen Island,Argos,8,1,1,,(UNK),(UNK),,FLE,,,,,,,
DIEX,Wandering Albatross,DIEX_de_Grissac_etal_2016_DINI7AH9,DINI7AH9,T,C,55,-46,10,~46 degrees S,GLS,10,,2,,(UNK),(UNK),,FEE; MIG,,,,,,,
DIEX,Wandering Albatross,DIEX_de_Grissac_etal_2016_DINI7AH9,DINI7AH9,T,D,100,-40,10,north of Crozet and Kerguelen,Argos,3,2,,,(UNK),(UNK),,FEE; OBS,,,,,,,
DIEX,Wandering Albatross,DIEX_de_Grissac_etal_2016_DINI7AH9,DINI7AH9,T,E,155,-41,10,Tasman Sea,Argos,3,2,,,(UNK),(UNK),,FEE; OBS,,,,,,,
DIEX,Wandering Albatross,DIEX_Froy_etal_2015_SVCH3CI9,SVCH3CI9,T,A,-38.05,-54,1,"Bird Island, South Georgia (-54, -38.05)",GEOLOCATOR (GLS); SATELLITE TAG (GPS),43,,,2012,JAN,FEB,,BRE; NES,,,,,,,
DIEX,Wandering Albatross,DIEX_Froy_etal_2015_SVCH3CI9,SVCH3CI9,T,B,-50,-52,10,Foraging range for incubating females around Bird Island,SATELLITE TAG (GPS),20,,,2012,JAN,FEB,,FEE,,,,,,,
DIEX,Wandering Albatross,DIEX_Froy_etal_2015_SVCH3CI9,SVCH3CI9,T,C,-55,-57,10,Foraging range for incubating males around Bird Island,SATELLITE TAG (GPS),21,,,2012,JAN,FEB,,FEE,,,,,,,
DIEX,Wandering Albatross,DIEX_Froy_etal_2015_SVCH3CI9,SVCH3CI9,T,D,-53,-54,10,Foraging ranges,SATELLITE TAG (ARGOS); SATELLITE TAG (GPS),208,,,1991; 1992; 1993; 1994; 1995; 1996; 1997; 1998; 1999; 2000; 2001; 2002; 2003; 2004; 2005; 2006; 2007; 2008; 2009; 2010; 2011; 2012,(UNK),(UNK),,FEE,,,,,,,
DIEX,Wandering Albatross,DIEX_Jaeger_etal_2010_UD5E4SXA,UD5E4SXA,T,A,52,-46,1,"Possession Island, Crozet (46???30'S, 51???45'E)",Argos,46,,,2008,JAN,MAR,,BRE; FEE,,,,,,,
DIEX,Wandering Albatross,DIEX_Jouventin_and_Weimerskirch_1990_FVQATJMB,FVQATJMB,T,A,51,-46,1,"Possession Island, Crozet",Argos,7,7,,,JAN,MAR,,BRE,,,,,,,
DIEX,Wandering Albatross,DIEX_Jouventin_and_Weimerskirch_1990_FVQATJMB,FVQATJMB,T,B,50,-70,10,Antarctica coast,Argos,1,2,,,(UNK),(UNK),,FEE; OBS,,,,,,,
DIEX,Wandering Albatross,DIEX_Jouventin_and_Weimerskirch_1990_FVQATJMB,FVQATJMB,T,C,70,-45,10,east of Crozet Island,Argos,2,2,,,(UNK),(UNK),,FEE; OBS,,,,,,,
DIEX,Wandering Albatross,DIEX_Jouventin_and_Weimerskirch_1990_FVQATJMB,FVQATJMB,T,D,40,-35,5,subtropical waters to the north of Possession Island,Argos,2,2,,,(UNK),(UNK),,FEE; OBS,,,,,,,
DIEX,Wandering Albatross,DIEX_Jouventin_and_Weimerskirch_1990_FVQATJMB,FVQATJMB,T,E,52,-42,5,open waters north-east of Crozet,Argos,1,2,,,(UNK),(UNK),,FEE; OBS,,,,,,,
DIEX,Wandering Albatross,DIEX_Jouventin_and_Weimerskirch_1990_FVQATJMB,FVQATJMB,T,F,40,-35,5,open waters north of Crozet,Argos,2,1,,,(UNK),(UNK),,FEE; OBS,,,,,,,
DIEX,Wandering Albatross,DIEX_Louzao_etal_2011_AXNAKB5V,AXNAKB5V,T,A,70.25,-49.67,1,Kerguelen Island,SATELLITE TAG (ARGOS); SATELLITE TAG (GPS),27,,,1998; 1999; 2000; 2001; 2002; 2003; 2004; 2005; 2008,DEC,APR,,BRE,,,,,,,
DIEX,Wandering Albatross,DIEX_Louzao_etal_2011_AXNAKB5V,AXNAKB5V,T,B,51,-46,1,Crozet Island,SATELLITE TAG (ARGOS); SATELLITE TAG (GPS),174,,,1998; 1999; 2000; 2001; 2002; 2003; 2004; 2005; 2008,DEC,APR,,BRE,,,,,,,
DIEX,Wandering Albatross,DIEX_Louzao_etal_2011_AXNAKB5V,AXNAKB5V,T,C,51,-46,10,Crozet birds incubation foraging range site,SATELLITE TAG (ARGOS); SATELLITE TAG (GPS),,,,1998; 1999; 2000; 2001; 2002; 2003; 2004; 2005; 2008,DEC,MAR,,BRE; FEE,,,,,,,
DIEX,Wandering Albatross,DIEX_Louzao_etal_2011_AXNAKB5V,AXNAKB5V,T,D,51,-46,10,Crozet birds brooding foraging range site,SATELLITE TAG (ARGOS); SATELLITE TAG (GPS),,,,1998; 1999; 2000; 2001; 2002; 2003; 2004; 2005; 2008,APR,APR,,BRE; FEE,,,,,,,
DIEX,Wandering Albatross,DIEX_Louzao_etal_2011_AXNAKB5V,AXNAKB5V,T,E,51,-46,10,All breeding adults foraging range site,SATELLITE TAG (ARGOS); SATELLITE TAG (GPS),168,,,1998; 1999; 2000; 2001; 2002; 2003; 2004; 2005; 2008,DEC,APR,,BRE; FEE,,,,,,,
DIEX,Wandering Albatross,DIEX_Louzao_etal_2013_8QQXIRVI,8QQXIRVI,T,A,51,-46,1,Crozet Island,SATELLITE TAG (ARGOS),69,,,1998; 1999; 2000; 2001,DEC,MAR,,BRE,,,,,,,
DIEX,Wandering Albatross,DIEX_Louzao_etal_2013_8QQXIRVI,8QQXIRVI,T,B,51,-46,10,Foraging range during incubation period surrounding crozet island,SATELLITE TAG (ARGOS),69,,,1998; 1999; 2000; 2001,DEC,MAR,,BRE; FEE,,,,,,,
DIEX,Wandering Albatross,DIEX_Louzao_etal_2014_FTJ99GZQ,FTJ99GZQ,T,A,51,-46,1,"Crozet Islands, Southern Indian Ocean",SATELLITE TAG (GPS),46,,,2002; 2003; 2004; 2005,(UNK),(UNK),,BRE,,,,,,,
DIEX,Wandering Albatross,DIEX_Louzao_etal_2014_FTJ99GZQ,FTJ99GZQ,T,B,51,-46,10,brooding period foraging range around Crozet,SATELLITE TAG (GPS),19,,,2002; 2003; 2004; 2005,(UNK),(UNK),,BRE,,,,,,,
DIEX,Wandering Albatross,DIEX_MA4SGKHE_Weimerskirch_1995,MA4SGKHE,T,A,51,-46,1,Possession Island,ARGOS,27,,,1994,JAN,FEB,,BRE,,,,,,,
DIEX,Wandering Albatross,DIEX_Mackley_etal_2010_JAIBVPDI,JAIBVPDI,T,A,-38.05,-54,1,"Bird Island, South Georgia (-54, -38.05)",GEOLOCATOR (GLS),19,,,2003,(UNK),(UNK),,BRE,,,,,,,
DIEX,Wandering Albatross,DIEX_Mackley_etal_2010_JAIBVPDI,JAIBVPDI,T,B,-38.05,-54,10,non-breeding utilization range,GEOLOCATOR (GLS),19,,,2003,(UNK),(UNK),,MIG,,,,,,,
DIEX,Wandering Albatross,DIEX_Murray_etal_2003_MDDMXM3W,MDDMXM3W,T,A,152,-34.3,1,"Wollogong, New South Wales",SATELLITE TAG (ARGOS),3,2,,1992,AUG,SEP,,OBS,,,,,,,
DIEX,Wandering Albatross,DIEX_Murray_etal_2003_MDDMXM3W,MDDMXM3W,T,B,90,-42,1,"Confined Area 1: ~(-42,90)",SATELLITE TAG (ARGOS),2,2,,1992,SEP,OCT,,OBS,,,,,,,
DIEX,Wandering Albatross,DIEX_Murray_etal_2003_MDDMXM3W,MDDMXM3W,T,C,81,-37,1,"Confined Area 2: ~(-37, 81)",SATELLITE TAG (ARGOS),2,2,,1992,OCT,OCT,,OBS,,,,,,,
DIEX,Wandering Albatross,DIEX_Murray_etal_2003_MDDMXM3W,MDDMXM3W,T,D,70,-40,1,"Confined Area 3: ~(-40, 70)",SATELLITE TAG (ARGOS),2,2,,1992,OCT,OCT,,OBS,,,,,,,
DIEX,Wandering Albatross,DIEX_Murray_etal_2003_MDDMXM3W,MDDMXM3W,T,E,55,-31,1,"~(-31, 55)",SATELLITE TAG (ARGOS),2,1,,1992,OCT,OCT,,OBS,,,,,,,
DIEX,Wandering Albatross,DIEX_Murray_etal_2003_MDDMXM3W,MDDMXM3W,T,F,87,-38,1,"Confined Area 1: ~(-38, 87)",SATELLITE TAG (ARGOS),2,2,,1992,SEP,SEP,,OBS,,,,,,,
DIEX,Wandering Albatross,DIEX_Murray_etal_2003_MDDMXM3W,MDDMXM3W,T,G,69,-39,1,"Confined Area 2: ~(-39,69)",SATELLITE TAG (ARGOS),2,2,,1992,OCT,OCT,,OBS,,,,,,,
DIEX,Wandering Albatross,DIEX_Murray_etal_2003_MDDMXM3W,MDDMXM3W,T,H,50,-40,1,"~(-40, 50)",SATELLITE TAG (ARGOS),2,1,,1992,OCT,OCT,,OBS,,,,,,,
DIEX,Wandering Albatross,DIEX_MVB2K8SE_Reinke_etal_1993,MVB2K8SE,T,A,151.02,-34.38,1,Bellambi; New South Wales,Argos,2,1,,1995,SEP,SEP,,OBS,,,,,,,
DIEX,Wandering Albatross,DIEX_MVB2K8SE_Reinke_etal_1993,MVB2K8SE,T,B,162.74,-38.5,10,Tasman Sea,Argos,2,2,,1995,(UNK),(UNK),,OBS,,,,,,,
DIEX,Wandering Albatross,DIEX_MVB2K8SE_Reinke_etal_1993,MVB2K8SE,T,C,-158.68,-44.97,10,South Pacific,Argos,2,1,,1995,(UNK),OCT,,OBS,,,,,,,
DIEX,Wandering Albatross,N9PIMA72_Tuck_etal_1999_Diex,N9PIMA72,T,A,51.87,-46.43,1,Crozet Islands,Archival,2,,1,1996,FEB,FEB,,BRE,,,,,,,
DIEX,Wandering Albatross,N9PIMA72_Tuck_etal_1999_Diex,N9PIMA72,T,B,-35.8965,-52.6926,5,South Georgia,Archival,4,,3,1996,APR,APR,,BRE; OBS,,,,,,,
DIEX,Wandering Albatross,N9PIMA72_Tuck_etal_1999_Diex,N9PIMA72,T,C,14,-50,5,14E,Archival,2,,2,1996,MAR,MAR,,OBS,,,,,,,
DIEX,Wandering Albatross,N9PIMA72_Tuck_etal_1999_Diex,N9PIMA72,T,D,-168,-50,5,168W,Archival,2,,2,1996,APR,APR,,OBS,,,,,,,
DIEX,Wandering Albatross,N9PIMA72_Tuck_etal_1999_Diex,N9PIMA72,T,E,-177,-50,5,177W,Archival,2,,1,1996,APR,APR,,OBS,,,,,,,
DIEX,Wandering Albatross,N9PIMA72_Tuck_etal_1999_Diex,N9PIMA72,T,F,-45,-50,5,45W,Archival,2,,1,1996,APR,APR,,OBS,,,,,,,
DIEX,Wandering Albatross,N9PIMA72_Tuck_etal_1999_Diex,N9PIMA72,T,G,12,-50,5,12E,Archival,2,,1,1996,MAY,MAY,,OBS,,,,,,,
DIEX,Wandering Albatross,N9PIMA72_Tuck_etal_1999_Diex,N9PIMA72,T,H,-60,-50,5,60W,Archival,2,,1,1996,MAY,MAY,,OBS,,,,,,,
DIEX,Wandering Albatross,DIEX_Nel_etal_2002_FEK5WUIV,FEK5WUIV,T,A,37.75,-46.9,1,"Marion Island (-46.900, 37.750)",GEOLOCATOR (GLS); SATELLITE TAG (ARGOS),44,,,1996; 1997; 1998,JAN; MAY; AUG; OCT; (UNK),JAN; MAY; AUG; OCT; (UNK),,BRE,,,,,,,
DIEX,Wandering Albatross,DIEX_Nel_etal_2002_FEK5WUIV,FEK5WUIV,T,B,37.75,-46.9,10,Incubation Foraging Range around Marion Island,GEOLOCATOR (GLS); SATELLITE TAG (ARGOS),12,,,1996; 1997; 1998,JAN,FEB,,FEE,,,,,,,
DIEX,Wandering Albatross,DIEX_Nel_etal_2002_FEK5WUIV,FEK5WUIV,T,C,37.75,-46.9,10,Early Chick Rearing Foraging Range around Marion Island,GEOLOCATOR (GLS); SATELLITE TAG (ARGOS),15,,,1996; 1997; 1998,MAY,JUN,,FEE,,,,,,,
DIEX,Wandering Albatross,DIEX_Nel_etal_2002_FEK5WUIV,FEK5WUIV,T,D,37.75,-46.9,10,Late Chick Rearing Foraging Range around Marion Island,GEOLOCATOR (GLS); SATELLITE TAG (ARGOS),15,,,1996; 1997; 1998,AUG,OCT,,FEE,,,,,,,
DIEX,Wandering Albatross,DIEX_Nel_etal_2002_FEK5WUIV,FEK5WUIV,T,E,37.75,-46.9,10,Non Breeding Range around Marion Island,GEOLOCATOR (GLS); SATELLITE TAG (ARGOS),5,,,1996; 1997; 1998,(UNK),(UNK),,OBS,,,,,,,
DIEX,Wandering Albatross,DIEX_DVN3AGPM_Nicholls_etal_1997,DVN3AGPM,T,A,151.2,-34.4,1,Wollongong; New South Wales,Argos,15,2,,1992; 1993; 1994; 1995; 1996,JAN; FEB; MAR; JUL; AUG; SEP,JAN; FEB; MAR; JUL; AUG; SEP,,STO,,,,,,,
DIEX,Wandering Albatross,DIEX_DVN3AGPM_Nicholls_etal_1997,DVN3AGPM,T,B,154.6,-36.3,5,Tasman Sea,Argos,13,3,,1992; 1993; 1994; 1995; 1996,FEB; JUL; (UNK),FEB; JUL; (UNK),,OBS,,,,,,,
DIEX,Wandering Albatross,DIEX_DVN3AGPM_Nicholls_etal_1997,DVN3AGPM,T,C,130.93,-39.12,10,southern Australia,Argos,8,2,,1992; 1993; 1995,SEP; OCT; NOV; (UNK),SEP; OCT; NOV; (UNK),,OBS,,,,,,,
DIEX,Wandering Albatross,DIEX_DVN3AGPM_Nicholls_etal_1997,DVN3AGPM,T,D,75,-40,10,Indian Ocean,Argos,3,1,,1992,NOV; DEC,(UNK),,OBS,,,,,,,
DIEX,Wandering Albatross,DIEX_DVN3AGPM_Nicholls_etal_1997,DVN3AGPM,T,E,-140,-42,10,Pacific Ocean,Argos,5,2,,1994; 1996; 1997,FEB; MAR; APR; NOV,(UNK),,OBS,,,,,,,
DIEX,Wandering Albatross,DIEX_Nicholls_etal_1992_CKQE836M,CKQE836M,T,A,152,-34.3,1,"Bellambi, New South Wales",SATELLITE TAG (ARGOS),5,1,,1992,JUL; AUG,JUL; AUG; OCT,,FEE; OBS,,,,,,,
DIEX,Wandering Albatross,DIEX_Nicholls_etal_1992_CKQE836M,CKQE836M,T,B,115.14,-34.37,1,Cape Leeuwin (enter Indian Ocean),SATELLITE TAG (ARGOS),4,3,,1992,SEP; NOV,SEP; DEC,,STO,,,,,,,
DIEX,Wandering Albatross,DIEX_Nicholls_etal_1992_CKQE836M,CKQE836M,T,C,40,-43,10,Prince Edward Island (40E),SATELLITE TAG (ARGOS),2,1,,1992,NOV,NOV,,OBS,,,,,,,
DIEX,Wandering Albatross,DIEX_Nicholls_etal_1992_CKQE836M,CKQE836M,T,D,51,-46,1,Possession Island,SATELLITE TAG (ARGOS),2,1,,1992,DEC,DEC,,BRE,,,,,,,
DIEX,Wandering Albatross,DIEX_Pinaud_Weimerskirch_2007_65G7BRDS,65G7BRDS,T,A,51.87,-46.43,1,"Crozet (-46.43333??, 51.86667??)",Argos,41,,,1998; 1999; 2000,(UNK),(UNK),,BRE,,,,,,,
DIEX,Wandering Albatross,DIEX_Pinaud_Weimerskirch_2007_65G7BRDS,65G7BRDS,T,B,70.25,-49.67,1,"Kerguelen (-49.66667??, 70.25??)",Argos,13,,,2002,(UNK),(UNK),,BRE,,,,,,,
DIEX,Wandering Albatross,DIEX_Pinaud_Weimerskirch_2007_65G7BRDS,65G7BRDS,T,C,59,-43,1,Crozet and surrounding area,Argos,41,,,1998; 1999; 2000,(UNK),(UNK),,FEE,,,,,,,
DIEX,Wandering Albatross,DIEX_Pinaud_Weimerskirch_2007_65G7BRDS,65G7BRDS,T,D,100,-45,1,Kerguelen and surrounding area,Argos,13,,,2002,(UNK),(UNK),,FEE,,,,,,,
DIEX,Wandering Albatross,DIEX_RiotteLambert_and_Weimerskirch_K2J6Z4VX,K2J6Z4VX,T,A,51,-46,1,"Crozet islands(-46, 70)",SATELLITE TAG (ARGOS),,,,2001; 2002; 2003; 2004; 2005; 2006; 2007; 2008; 2009; 2010,(UNK),(UNK),,BRE; FLE; OBS,,,,,,,
DIEX,Wandering Albatross,DIEX_RiotteLambert_and_Weimerskirch_K2J6Z4VX,K2J6Z4VX,T,B,70.25,-49.67,1,"Kerguelen Islands (-49, 70)",SATELLITE TAG (ARGOS),,,,2001; 2002; 2003; 2004; 2005; 2006; 2007; 2008; 2009; 2010,(UNK),(UNK),,BRE; FLE; OBS,,,,,,,
DIEX,Wandering Albatross,DIEX_Shaffer_etal_2001_MQ4EJXBZ,MQ4EJXBZ,T,A,51,-46,1,"Possession Island (-46, 52)",SATELLITE TAG (ARGOS),39,,,1998; 1999,JAN; FEB,JAN; FEB,,BRE,,,,,,,
DIEX,Wandering Albatross,DIEX_Shaffer_etal_2001_MQ4EJXBZ,MQ4EJXBZ,T,B,51,-46,10,South of Possession Island,SATELLITE TAG (ARGOS),15,,,1998; 1999,JAN,MAR,,FEE,,,,,,,
DIEX,Wandering Albatross,DIEX_Shaffer_etal_2001_MQ4EJXBZ,MQ4EJXBZ,T,C,51,-46,10,North of Possession Island,SATELLITE TAG (ARGOS),19,,,1998; 1999,JAN,MAR,,FEE,,,,,,,
DIEX,Wandering Albatross,DIEX_Tancell_etal_2013_HFAJWF5A,HFAJWF5A,T,A,-38.05,-54,1,"Bird Island, South Georgia (-54, -38.05)",SATELLITE TAG (ARGOS),17,,,2000,MAY,JUL,,BRE,,,,,,,
DIEX,Wandering Albatross,DIEX_Tancell_etal_2013_HFAJWF5A,HFAJWF5A,T,B,-38.05,-54,10,foraging range around Bird Island during chick rearing,SATELLITE TAG (ARGOS),17,,,2000,MAY,JUL,,BRE; FEE,,,,,,,
DIEX,Wandering Albatross,DIEX_V8K9WCWK_Gauthier_etal_2010,V8K9WCWK,MR,A,51,-46,1,Ile de la Possession; Crozet Islands,Banding,2,,,1975; 1976; 1977; 1978; 1979; 1980; 1981; 1982; 1983; 1984; 1985; 1986; 1987; 1988; 1989; 1990; 1991; 1992; 1993; 1994; 1995; 1996; 1997; 1998; 1999; 2000; 2001; 2002; 2003; 2004,(UNK),(UNK),,BRE; FLE,,,,,,,
DIEX,Wandering Albatross,DIEX_Weimerskirch_etal_1995_ESFX87QP,ESFX87QP,T,A,52,-46,1,"Possession Island (46???S, 52???E)",Argos,6,10,,1994,FEB,FEB; MAR,,NES,,,,,,,
DIEX,Wandering Albatross,DIEX_Weimerskirch_etal_1995_ESFX87QP,ESFX87QP,T,B,30,-40,5,"~40???S, 30???E",Argos,2,2,,1994,FEB,FEB,,FEE,,,,,,,
DIEX,Wandering Albatross,DIEX_Weimerskirch_etal_1995_ESFX87QP,ESFX87QP,T,C,50,-50,1,"~50???S, 50???E",Argos,2,2,,1994,FEB,FEB,,FEE,,,,,,,
DIEX,Wandering Albatross,DIEX_Weimerskirch_etal_1995_ESFX87QP,ESFX87QP,T,D,97,-47,5,"~47???S, 105???E",Argos,2,2,,1994,FEB,FEB,,FEE,,,,,,,
DIEX,Wandering Albatross,DIEX_Weimerskirch_etal_1995_ESFX87QP,ESFX87QP,T,E,46,-46,1,"~46???S, 46???E",Argos,2,2,,1994,FEB,FEB,,FEE,,,,,,,
DIEX,Wandering Albatross,DIEX_Weimerskirch_etal_1995_ESFX87QP,ESFX87QP,T,F,52,-30,5,"~30???S, 52???E",Argos,2,2,,1994,FEB,MAR,,FEE,,,,,,,
DIEX,Wandering Albatross,DIEX_Weimerskirch_etal_2012_MB429PCU,MB429PCU,T,A,51,-46,1,"Possession Island, Crozet Islands (-46, 53)",SATELLITE TAG (ARGOS); SATELLITE TAG (GPS),211,,,1989; 1990; 1991; 1992; 1993; 1994; 1995; 1996; 1997; 1998; 1999; 2000; 2001; 2002; 2003; 2008; 2010,JAN,FEB,,BRE,,,,,,,
DIEX,Wandering Albatross,DIEX_Weimerskirch_etal_2012_MB429PCU,MB429PCU,T,B,51,-46,10,Foraging range of female incubating birds around Possession Island,SATELLITE TAG (ARGOS); SATELLITE TAG (GPS),,,,1989; 1990; 1991; 1992; 1993; 1994; 1995; 1996; 1997; 1998; 1999; 2000; 2001; 2002; 2003; 2008; 2010,JAN,FEB,,BRE; FEE,,,,,,,
DIEX,Wandering Albatross,DIEX_Weimerskirch_etal_2012_MB429PCU,MB429PCU,T,C,51,-46,10,Foraging range of male incubating birds around Possession Island,SATELLITE TAG (ARGOS); SATELLITE TAG (GPS),,,,1989; 1990; 1991; 1992; 1993; 1994; 1995; 1996; 1997; 1998; 1999; 2000; 2001; 2002; 2003; 2008; 2010,JAN,FEB,,BRE; FEE,,,,,,,
DIEX,Wandering Albatross,DIEX_Xavier_2003_VBHDQQ5R,VBHDQQ5R,T,A,-38.05,-54,1,"Bird Island, South Georgia",Argos,10,8,,2000,MAR; APR,MAR; APR,,NES,,,,,,,
DIEX,Wandering Albatross,DIEX_Xavier_2003_VBHDQQ5R,VBHDQQ5R,T,B,-42,-53.5,5,South Georgia and Shag Rocks shelves,Argos,,2,,2000,(UNK),(UNK),,FEE,,,,,,,
DIEX,Wandering Albatross,DIEX_Xavier_2003_VBHDQQ5R,VBHDQQ5R,T,C,-54,-54,5,Patagonian shelf/shelf-slope,Argos,,2,,2000,(UNK),(UNK),,FEE,,,,,,,
DIEX,Wandering Albatross,DIEX_Xavier_2003_VBHDQQ5R,VBHDQQ5R,T,D,-44.4,-50,5,Antarctic Polar Front,Argos,,2,,2000,(UNK),(UNK),,FEE,,,,,,,
DIEX,Wandering Albatross,DIEX_Xavier_2003_VBHDQQ5R,VBHDQQ5R,T,E,-42,-53,5,west of Bird Island,Argos,,2,,2000,(UNK),(UNK),,FEE,,,,,,,
DIEX,Wandering Albatross,ETDHIJT2_Weimerskirch_etal_2015_Diex,ETDHIJT2,T,A,51,-46,1,"Crozet Islands (-46.00, 52.00)",GLS,108,5,,2007; 2008; 2009; 2010; 2011; 2012; 2013,(UNK),(UNK),,NES,,,,,,,
DIEX,Wandering Albatross,ETDHIJT2_Weimerskirch_etal_2015_Diex,ETDHIJT2,T,B,70.25,-49.67,1,"Kerguelen Islands (-50.00S, 70.00)",GLS,25,2,,2007; 2008; 2009; 2010; 2011; 2012; 2013,,,,NES,,,,,,,
DIEX,Wandering Albatross,ETDHIJT2_Weimerskirch_etal_2015_Diex,ETDHIJT2,T,C,51,-46,1,"Crozet Islands (-46.00, 52.00)",Argos PTTs; GPS,,,,1989; 1990; 1991; 1992; 1993; 1994; 1995; 1996; 1997; 1998; 1999; 2000; 2001; 2002; 2003; 2004; 2005; 2006; 2007; 2008; 2009; 2010; 2011; 2012; 2013,,,,NES,,,,,,,
DIEX,Wandering Albatross,ETDHIJT2_Weimerskirch_etal_2015_Diex,ETDHIJT2,T,D,70.25,-49.67,1,"Kerguelen Islands (-50.00S, 70.00)",Argos PTTs; GPS,,,,1989; 1990; 1991; 1992; 1993; 1994; 1995; 1996; 1997; 1998; 1999; 2000; 2001; 2002; 2003; 2004; 2005; 2006; 2007; 2008; 2009; 2010; 2011; 2012; 2013,,,,NES,,,,,,,
DIEX,Wandering Albatross,ETDHIJT2_Weimerskirch_etal_2015_Diex,ETDHIJT2,T,E,51,-46,10,Crozet Islands Breeding Season Distribution Site,Argos PTTs; GPS,,,,1989; 1990; 1991; 1992; 1993; 1994; 1995; 1996; 1997; 1998; 1999; 2000; 2001; 2002; 2003; 2004; 2005; 2006; 2007; 2008; 2009; 2010; 2011; 2012; 2013,,NOV,,BRE,,,,,,,
DIEX,Wandering Albatross,ETDHIJT2_Weimerskirch_etal_2015_Diex,ETDHIJT2,T,F,70.25,-49.67,10,Kerguelen Islands Breeding Season Distribution Site,Argos PTTs; GPS,,,,1989; 1990; 1991; 1992; 1993; 1994; 1995; 1996; 1997; 1998; 1999; 2000; 2001; 2002; 2003; 2004; 2005; 2006; 2007; 2008; 2009; 2010; 2011; 2012; 2013,,NOV; DEC,,BRE,,,,,,,
DIEX,Wandering Albatross,ETDHIJT2_Weimerskirch_etal_2015_Diex,ETDHIJT2,T,G,177,-43.6,10,New Zealand waters,GLS,21,2,,2007; 2008; 2009; 2010; 2011; 2012; 2013,JUL; (UNK),SEP; (UNK),,STO,,,,,,,
DIEX,Wandering Albatross,ETDHIJT2_Weimerskirch_etal_2015_Diex,ETDHIJT2,T,H,-70.7,-56.4,10,"Chile, South America waters",GLS,21,1,,2007; 2008; 2009; 2010; 2011; 2012; 2013,MAR; (UNK),APR; (UNK),,STO,,,,,,,
DIEX,Wandering Albatross,ETDHIJT2_Weimerskirch_etal_2015_Diex,ETDHIJT2,T,I,129.6,-40.6,10,Southern Australian waters,GLS,4,1,,2007; 2008; 2009; 2010; 2011; 2012; 2013,(UNK),(UNK),,WIN,,,,,,,
DIEX,Wandering Albatross,ETDHIJT2_Weimerskirch_etal_2015_Diex,ETDHIJT2,T,J,40,-45,10,western Indian Ocean and Crozet and Kerguelen shelves,GLS,79,,,2007; 2008; 2009; 2010; 2011; 2012; 2013,(UNK),(UNK),,WIN,,,,,,,
DIEX,Wandering Albatross,ETDHIJT2_Weimerskirch_etal_2015_Diex,ETDHIJT2,T,K,51,-46,10,Australian or central Atlantic Ocean waters,GLS,36,1,,2007; 2008; 2009; 2010; 2011; 2012; 2013,(UNK),(UNK),,WIN,,,,,,,
DIEX,Wandering Albatross,ETDHIJT2_Weimerskirch_etal_2015_Diex,ETDHIJT2,T,L,129.6,-40.6,10,southern Australia and the Tasman Sea,GLS,14,2,,2007; 2008; 2009; 2010; 2011; 2012; 2013,(UNK),(UNK),,WIN,,,,,,,
DIEX,Wandering Albatross,ETDHIJT2_Weimerskirch_etal_2015_Diex,ETDHIJT2,T,M,177,-43.6,10,Pacific off eastern New Zealand,GLS,17,2,,2007; 2008; 2009; 2010; 2011; 2012; 2013,JUL; (UNK),SEP; (UNK),,STO,,,,,,,
DIEX,Wandering Albatross,ETDHIJT2_Weimerskirch_etal_2015_Diex,ETDHIJT2,T,N,-70.7,-56.4,10,"Chile, South America waters",GLS,17,2,,2007; 2008; 2009; 2010; 2011; 2012; 2013,MAR; (UNK),APR; (UNK),,STO,,,,,,,
DIEX,Wandering Albatross,EWVES2SR_Weimerskirch_etal_2007_Diex,EWVES2SR,T,A,51,-46,1,"Possession Island, Crozet Islands (-46, 51)",SATELLITE TAG (GPS),46,2,,2002; 2003; 2004; 2005,(UNK),(UNK),,NES,,,,,,,
DIEX,Wandering Albatross,EWVES2SR_Weimerskirch_etal_2007_Diex,EWVES2SR,T,B,47,-45,10,"Oceanic waters around Crozet Islands (-40 - -49, 42-52)",SATELLITE TAG (GPS),2,2,,,(UNK),(UNK),,FEE,,,,,,,
DIEX,Wandering Albatross,F5CUW2E7_Walker_etal_1995_Diex,F5CUW2E7,T,A,164,-46,5,"Adams Island, Auckland Islands including foraging distribution in the Tasman Sea",SATELLITE TAG (ARGOS),4,,,1994,JAN; FEB; APR,FEB; MAR; MAY,,FEE; NES,,,,,,,
DIEX,Wandering Albatross,GF2UP2I8_Humphries_etal_2012_Diex,GF2UP2I8,T,A,51.76,-46.4,1,"Possession Island, Crozet Archipelago (-46.4, 51.76)",SATELLITE TAG (GPS),28,1,,2002; 2003; 2004; 2005; 2006; 2007; 2008; 2009; 2010,(UNK),(UNK),,NES,,,,,,,
DIEX,Wandering Albatross,GF2UP2I8_Humphries_etal_2012_Diex,GF2UP2I8,T,B,51.76,-46.4,5,Neritic/Shelf waters around Possession Island (>2000 m depth),SATELLITE TAG (GPS),3,1,,2002; 2003; 2004; 2005; 2006; 2007; 2008; 2009; 2010,(UNK),(UNK),,FEE,,,,,,,
DIEX,Wandering Albatross,HN8ZURA2_Shaffer_etal_2003_Diex,HN8ZURA2,T,A,51,-46,1,"Possession Island, Crozet Archipelago (-46, 52)",SATELLITE TAG (ARGOS),39,,,1998,(UNK),(UNK),,NES,,,,,,,
DIEX,Wandering Albatross,J8R85ZGK_Croxall_and_Wood_2002_Diex,J8R85ZGK,T,A,-37.06,-54.5,5,South Georgia,Argos,,,,,JAN,OCT,,BRE,,,,,,,
DIEX,Wandering Albatross,J8R85ZGK_Croxall_and_Wood_2002_Diex,J8R85ZGK,T,B,-40,-40,10,outer Slope of Patagonian Shelf (northerly areas east of mouth of Rio de la Plata and east of Peninsula Valdez),Argos,,,,,MAY,OCT,,FEE,,,,,,,
DIEX,Wandering Albatross,J8R85ZGK_Croxall_and_Wood_2002_Diex,J8R85ZGK,T,C,-60,-58,10,outer Slope of Patagonian Shelf (southern boundary from Diego Ramirez to Burdwood Bank),Argos,,,,,MAY,OCT,,FEE,,,,,,,
DIEX,Wandering Albatross,JH4RXA4X_Xavier_etal_2004_Diex,JH4RXA4X,T,A,-38.05,-54,1,"Bird Island, South Georgia",SATELLITE TAG (ARGOS),39,2,,1999; 2000,MAY; JUN; JUL; AUG; (UNK),MAY; JUN; JUL; AUG; (UNK),,NES,,,,,,,
DIEX,Wandering Albatross,JH4RXA4X_Xavier_etal_2004_Diex,JH4RXA4X,T,B,-38,-40,10,"Off Brazil to Antarctic Peninsula shelf, and from Tristan da Cunha to Patagonian Shelf and waters south of Cape Horn (-28 - -63, -19 - -68)",SATELLITE TAG (ARGOS),39,2,,1999; 2000,MAY; JUN; JUL; AUG; (UNK),MAY; JUN; JUL; AUG; (UNK),,FEE,,,,,,,
DIEX,Wandering Albatross,JH4RXA4X_Xavier_etal_2004_Diex,JH4RXA4X,T,C,-40,-45,10,"Waters surrounding South Georgia (-35 - -55, -35 - -65)",SATELLITE TAG (ARGOS),8,,,1998,(UNK),(UNK),,FEE,,,,,,,
DIEX,Wandering Albatross,MWJQEQ5R_WEIMERSKIRCH_etal_1994_Diex,MWJQEQ5R,T,A,51,-46,10,"Crozet Islands (-46.43, 51.86)",SATELLITE TAG (ARGOS),7,,,1992,JAN; FEB; APR,JAN; FEB; MAR; APR,,FEE; NES,,,,,,,
DIEX,Wandering Albatross,NW2J33CA_Weimerskirch_etal_1997_Diex,NW2J33CA,MR,A,52,-46,1,"Possession Island, Crozet Islands (-46.00, 52.00)",BANDING,1,,5,1960; 1961; 1962; 1963; 1964; 1965; 1966; 1967; 1968; 1969; 1970; 1971; 1972; 1973; 1974; 1975; 1976; 1977; 1978; 1979; 1980; 1981; 1982; 1983; 1984; 1985; 1986; 1987; 1988; 1989; 1990; 1991; 1992; 1993; 1994,DEC; (UNK),APR; (UNK),,BRE; NES,,,,,,,
DIEX,Wandering Albatross,NW2J33CA_Weimerskirch_etal_1997_Diex,NW2J33CA,T,B,60,-42.5,10,Crozet breeding season foraging distribution (extensive area ranging from coasts of Antarctica to tropical waters),SATELLITE TAG (ARGOS),29,,,1990,APR; (UNK),JUL; (UNK),,BRE; NES,,,,,,,
DIEX,Wandering Albatross,NW2J33CA_Weimerskirch_etal_1997_Diex,NW2J33CA,MR,C,37,-35,5,coast of South Africa,BANDING,1,,1,1960; 1961; 1962; 1963; 1964; 1965; 1966; 1967; 1968; 1969; 1970; 1971; 1972; 1973; 1974; 1975; 1976; 1977; 1978; 1979; 1980; 1981; 1982; 1983; 1984; 1985; 1986; 1987; 1988; 1989; 1990; 1991; 1992; 1993; 1994,(UNK),(UNK),,OBS,,,,,,,
DIEX,Wandering Albatross,NW2J33CA_Weimerskirch_etal_1997_Diex,NW2J33CA,MR,D,129.6,-40.6,10,coast of Australia,BANDING,1,,1,1960; 1961; 1962; 1963; 1964; 1965; 1966; 1967; 1968; 1969; 1970; 1971; 1972; 1973; 1974; 1975; 1976; 1977; 1978; 1979; 1980; 1981; 1982; 1983; 1984; 1985; 1986; 1987; 1988; 1989; 1990; 1991; 1992; 1993; 1994,(UNK),(UNK),,WIN,,,,,,,
DIEX,Wandering Albatross,NW2J33CA_Weimerskirch_etal_1997_Diex,NW2J33CA,MR,E,65.7544,-49.1278,10,Kerguelen,BANDING,1,,,1971; 1985; 1986; 1987; 1988; 1990; 1991; 1992; 1993,JAN; (UNK),,,BRE,,,,,,,
DIEX,Wandering Albatross,NW2J33CA_Weimerskirch_etal_1997_Diex,NW2J33CA,MR,F,51.87,-30,10,central Indian Ocean north of Crozet,BANDING,3,,1,1960; 1961; 1962; 1963; 1964; 1965; 1966; 1967; 1968; 1969; 1970; 1971; 1972; 1973; 1974; 1975; 1976; 1977; 1978; 1979; 1980; 1981; 1982; 1983; 1984; 1985; 1986; 1987; 1988; 1989; 1990; 1991; 1992; 1993; 1994,(UNK),(UNK),,OBS,,,,,,,
DIEX,Wandering Albatross,NW2J33CA_Weimerskirch_etal_1997_Diex,NW2J33CA,MR,G,10,-55,10,eastern south Atlantic,BANDING,3,,1,1960; 1961; 1962; 1963; 1964; 1965; 1966; 1967; 1968; 1969; 1970; 1971; 1972; 1973; 1974; 1975; 1976; 1977; 1978; 1979; 1980; 1981; 1982; 1983; 1984; 1985; 1986; 1987; 1988; 1989; 1990; 1991; 1992; 1993; 1994,(UNK),(UNK),,OBS,,,,,,,
DIEX,Wandering Albatross,NW2J33CA_Weimerskirch_etal_1997_Diex,NW2J33CA,MR,H,129.6,-40.6,10,Australian sector,BANDING,8,,1,1960; 1961; 1962; 1963; 1964; 1965; 1966; 1967; 1968; 1969; 1970; 1971; 1972; 1973; 1974; 1975; 1976; 1977; 1978; 1979; 1980; 1981; 1982; 1983; 1984; 1985; 1986; 1987; 1988; 1989; 1990; 1991; 1992; 1993; 1994,(UNK),(UNK),,OBS,,,,,,,
DIEX,Wandering Albatross,P7MAWJJX_Phalan_etal_2007_Diex,P7MAWJJX,T,A,-38,-54,1,"Bird Island, South Georgia (-54, -38)",SATELLITE TAG (GPS),48,2,,2003; 2004,FEB; MAR; APR; MAY; JUN; JUL; AUG; SEP; (UNK),FEB; MAR; APR; MAY; JUN; JUL; AUG; SEP; (UNK),,NES,,,,,,,
DIEX,Wandering Albatross,P7MAWJJX_Phalan_etal_2007_Diex,P7MAWJJX,T,B,-49,-54,10,Oceanic waters surrounding South Georgia,SATELLITE TAG (GPS),48,2,,2003; 2004,FEB; MAR; APR; MAY; JUN; JUL; AUG; SEP; (UNK),FEB; MAR; APR; MAY; JUN; JUL; AUG; SEP; (UNK),,FEE,,,,,,,
DIEX,Wandering Albatross,PCKRMAEC_Prince_etal_1992_Diex,PCKRMAEC,T,A,-38,-54,1,"Bird Island, South Georgia (-54.00, -38.60)",SATELLITE TAG (ARGOS),3,,,1990,AUG,SEP,,BRE,,,,,,,
DIEX,Wandering Albatross,PCKRMAEC_Prince_etal_1992_Diex,PCKRMAEC,T,B,-44,-41,10,"latitudes north of Bird Island, South Georgia (foraging trip distribution)",SATELLITE TAG (ARGOS),2,,,1990,AUG,SEP,,BRE; FEE,,,,,,,
DIEX,Wandering Albatross,PCKRMAEC_Prince_etal_1992_Diex,PCKRMAEC,T,C,-48,-51,10,"longitudes west of Bird Island, South Georgia (foraging trip distribution)",SATELLITE TAG (ARGOS),2,,,1990,AUG,SEP,,BRE; FEE,,,,,,,
DIEX,Wandering Albatross,REM3H9V7_Weimerskirch_etal_2006_Diex,REM3H9V7,T,A,52,-46,1,Crozet Islands,SATELLITE TAG (ARGOS),14,1,,2001; 2002,NOV,(UNK),,FLE,,,,,,,
DIEX,Wandering Albatross,REM3H9V7_Weimerskirch_etal_2006_Diex,REM3H9V7,T,B,129.6,-40.6,10,North of sub-tropical convergence in Indian Ocean and Tasman Sea,SATELLITE TAG (ARGOS),14,1,,2001; 2002,(UNK),(UNK),,FEE,,,,,,,
DIEX,Wandering Albatross,REM3H9V7_Weimerskirch_etal_2006_Diex,REM3H9V7,MR,C,52,-46,1,"Possession Island, Crozet Islands",BANDING,,,3,1966; 1967; 1968; 1969; 1970; 1971; 1972; 1973; 1974; 1975; 1976; 1977; 1978; 1979; 1980; 1981; 1982; 1983; 1984; 1985; 1986; 1987; 1988; 1989; 1990; 1991; 1992; 1993; 1994; 1995; 1996; 1997; 1998; 1999; 2000; 2001; 2002; 2003,,,,FLE,,,,,,,
DIEX,Wandering Albatross,REM3H9V7_Weimerskirch_etal_2006_Diex,REM3H9V7,MR,D,30,-34,1,"SE African coast (-34, 30)",BANDING,,,1,,(UNK),(UNK),,FEE,,,,,,,
DIEX,Wandering Albatross,REM3H9V7_Weimerskirch_etal_2006_Diex,REM3H9V7,MR,E,129.6,-40.6,10,South Australian Coast,BANDING,,,1,,(UNK),(UNK),,FEE,,,,,,,
DIEX,Wandering Albatross,REM3H9V7_Weimerskirch_etal_2006_Diex,REM3H9V7,MR,F,170.2838,-36.3877,10,Northwestern New Zealand Coast,BANDING,,,1,,(UNK),(UNK),,FEE,,,,,,,
DIEX,Wandering Albatross,S3BMTSF9_Tancell_etal_2016_Diex,S3BMTSF9,T,A,-38.03,-54,1,"South Georgia (54??00?Ä?S, 38??03?Ä?W)",Argos; GPS; PTT,368,,,1991; 1992; 1998; 1999; 2000; 2002; 2003; 2004; 2006; 2009,,,,BRE; NES,,,,,,,
DIEX,Wandering Albatross,S3BMTSF9_Tancell_etal_2016_Diex,S3BMTSF9,T,B,-38.03,-54,5,"South Georgia (54??00?Ä?S, 38??03?Ä?W) Incubation distribution site",Argos; GPS; PTT,18,,,2004,DEC; (UNK),MAR; (UNK),,BRE; NES,,,,,,,
DIEX,Wandering Albatross,S3BMTSF9_Tancell_etal_2016_Diex,S3BMTSF9,T,C,-38.03,-54,5,"South Georgia (54??00?Ä?S, 38??03?Ä?W) Brood-guard distribution site",Argos; GPS; PTT,117,,,1991; 1992; 1998; 2000; 2003; 2004,MAR; (UNK),APR; (UNK),,BRE; NES,,,,,,,
DIEX,Wandering Albatross,S3BMTSF9_Tancell_etal_2016_Diex,S3BMTSF9,T,D,-38.03,-54,5,"South Georgia (54??00?Ä?S, 38??03?Ä?W) Post-brood distribution site",Argos; GPS; PTT,235,,,1991; 1998; 1999; 2000; 2002; 2004; 2006; 2009,APR; (UNK),DEC; (UNK),,BRE; NES,,,,,,,
DIEX,Wandering Albatross,S8GP4DWC_Phillips_etal_2009_Diex,S8GP4DWC,T,A,-38.05,-54,1,"Bird Island, South Georgia (-54.0, -38.05)",; SATELLITE TAG (ARGOS); SATELLITE TAG (GPS),50,2,,1996; 1997; 2002; 2004,APR; MAY; JUN; JUL; AUG; SEP; OCT; NOV; DEC; (UNK),APR; MAY; JUN; JUL; AUG; SEP; OCT; NOV; DEC; (UNK),,NES,,,,,,,
DIEX,Wandering Albatross,S8GP4DWC_Phillips_etal_2009_Diex,S8GP4DWC,T,B,-49,-54,10,"Oceanic and slope waters north of South Georgia Islands (-30 - -55, -20 - -60)",; SATELLITE TAG (ARGOS); SATELLITE TAG (GPS),50,2,,1996; 1997; 2002; 2004,APR; MAY; JUN; JUL; AUG; SEP; OCT; NOV; DEC; (UNK),APR; MAY; JUN; JUL; AUG; SEP; OCT; NOV; DEC; (UNK),,FEE,,,,,,,
DIEX,Wandering Albatross,U7PAHFF9_Merkel_etal_2016_Diex,U7PAHFF9,T,A,-38.05,-54,1,"Bird Island, South Georgia",GEOLOCATOR (GLS); SATELLITE TAG (GPS),28,,,2015,MAR,APR,,NES,,,,,,,
DIEX,Wandering Albatross,TT7JF3HJ_Yonehara_etal_2016_Diex,TT7JF3HJ,T,A,51.754204,-46.402845,1,"Possession Island, Crozet archipelago (46¬∞ 25‚Ä≤S, 51¬∞ 44‚Ä≤E)",GPS,4,,,2007,MAR,(UNK),,NES,,,,,,,
DIEX,Wandering Albatross,UZCM8UK8_Waugh_and_Weimerskirch_2003_Diex,UZCM8UK8,T,A,52,-46,1,"Crozet Islands (-46.4, 51.8)",SATELLITE TAG (ARGOS),54,2,,1998; 1999; 2000,JAN; FEB; MAR; DEC; (UNK),JAN; FEB; MAR; DEC; (UNK),,NES,,,,,,,
DIEX,Wandering Albatross,UZCM8UK8_Waugh_and_Weimerskirch_2003_Diex,UZCM8UK8,T,B,44,-47.5,10,"Oceanic waters surrounding Crozet and Kerguelen Islands (-41 - -54, 16-72)",SATELLITE TAG (ARGOS),54,2,,1998; 1999; 2000,JAN; FEB; MAR; DEC; (UNK),JAN; FEB; MAR; DEC; (UNK),,FEE,,,,,,,
DIEX,Wandering Albatross,VSSB3Z4C_Weimerskirch_and_Wilson_2000_Diex,VSSB3Z4C,T,A,51.87,-46.43,1,Crozet Islands,GEOLOCATOR (GLS),10,6,,1995; 1996,JAN; FEB; DEC; (UNK),DEC; (UNK),,NES,,,,,,,
DIEX,Wandering Albatross,VSSB3Z4C_Weimerskirch_and_Wilson_2000_Diex,VSSB3Z4C,T,B,49.08,-28.4114,10,Subtropical and tropical waters in southwestern Indian Ocean / waters south of Madagascar,GEOLOCATOR (GLS),3,2,,1995; 1996,(UNK),(UNK),,WIN,,,,,,,
DIEX,Wandering Albatross,VSSB3Z4C_Weimerskirch_and_Wilson_2000_Diex,VSSB3Z4C,T,C,80,-50,10,Sub-Antarctic and Antarctic waters 1500 km southeast of Crozet,GEOLOCATOR (GLS),2,2,,1995; 1996,(UNK),(UNK),,WIN,,,,,,,
DIEX,Wandering Albatross,VSSB3Z4C_Weimerskirch_and_Wilson_2000_Diex,VSSB3Z4C,T,D,-175,-50,10,Sub-Antarctic and Antarctic waters 8500 km away from Crozet southeast of New Zealand,GEOLOCATOR (GLS),2,2,,1995; 1996,(UNK),(UNK),,WIN,,,,,,,
DIEX,Wandering Albatross,WI73DBA8_Weimerskirch_etal_2002_Diex,WI73DBA8,T,A,52,-46,1,"Possession Island, Crozet Archipelago",SATELLITE TAG (GPS),18,,,2001,JAN; FEB; MAR; APR; (UNK),(UNK),,NES,,,,,,,
DIEX,Wandering Albatross,WI73DBA8_Weimerskirch_etal_2002_Diex,WI73DBA8,T,B,55.2,-46.25,10,"Foraging Distribution around Possession Island, Crozet Archipelago during the incubation period",SATELLITE TAG (GPS),9,,,2001,(UNK),(UNK),,FEE; NES,,,,,,,
DIEX,Wandering Albatross,WI73DBA8_Weimerskirch_etal_2002_Diex,WI73DBA8,T,C,51.8,-46.5,10,"Foraging Distribution around Possession Island, Crozet Archipelago during the brooding period",SATELLITE TAG (GPS),10,,,2001,(UNK),(UNK),,FEE; NES,,,,,,,
DIEX,Wandering Albatross,XXCXIWQ9_Jimenez_etal_2016_Diex,XXCXIWQ9,T,A,-38.05,-54,1,"Bird Island, South Georgia (-54.00, 38.05)",SATELLITE TAG (ARGOS); SATELLITE TAG (GPS),264,,,1990; 1991; 1992; 1993; 1994; 1995; 1996; 1997; 1998; 1999; 2000; 2001; 2002; 2003; 2004; 2005; 2006; 2007; 2008; 2009; 2010; 2011; 2012,DEC; (UNK),NOV; (UNK),,BRE,,,,,,,
DIEX,Wandering Albatross,XXCXIWQ9_Jimenez_etal_2016_Diex,XXCXIWQ9,T,B,-50,-52,10,South Georgia (Breeding Female Incubation Distribution),SATELLITE TAG (ARGOS); SATELLITE TAG (GPS),31,,,1992; 1998; 2004; 2006; 2012,DEC; (UNK),MAR; (UNK),,BRE,,,,,,,
DIEX,Wandering Albatross,XXCXIWQ9_Jimenez_etal_2016_Diex,XXCXIWQ9,T,C,-50,-55,10,South Georgia (Breeding Male Incubation Distribution),SATELLITE TAG (ARGOS); SATELLITE TAG (GPS),35,,,1992; 1998; 2004; 2006; 2012,DEC; (UNK),MAR; (UNK),,BRE,,,,,,,
DIEX,Wandering Albatross,XXCXIWQ9_Jimenez_etal_2016_Diex,XXCXIWQ9,T,D,-46,-55,10,South Georgia (Breeding Male Brood Distribution),SATELLITE TAG (ARGOS); SATELLITE TAG (GPS),46,,,1991; 1992; 1998; 2000; 2003; 2004,MAR; (UNK),APR; (UNK),,BRE,,,,,,,
DIEX,Wandering Albatross,XXCXIWQ9_Jimenez_etal_2016_Diex,XXCXIWQ9,T,E,-45,-53,10,South Georgia (Breeding Female Brood Distribution),SATELLITE TAG (ARGOS); SATELLITE TAG (GPS),35,,,1991; 1992; 1998; 2000; 2003; 2004,MAR; (UNK),APR; (UNK),,BRE,,,,,,,
DIEX,Wandering Albatross,XXCXIWQ9_Jimenez_etal_2016_Diex,XXCXIWQ9,T,F,-45,-49,10,South Georgia (Breeding Male Post Brood Distribution),SATELLITE TAG (ARGOS); SATELLITE TAG (GPS),74,,,1990; 1991; 1992; 1995; 1996; 1997; 1998; 1999; 2000; 2002; 2004; 2006; 2009,APR; (UNK),JAN; OCT; NOV; DEC; (UNK),,BRE,,,,,,,
DIEX,Wandering Albatross,XXCXIWQ9_Jimenez_etal_2016_Diex,XXCXIWQ9,T,G,-45,-45,10,South Georgia (Breeding Female Post Brood Distribution),SATELLITE TAG (ARGOS); SATELLITE TAG (GPS),66,,,1990; 1991; 1992; 1995; 1996; 1997; 1998; 1999; 2000; 2002; 2004; 2006; 2009,APR; (UNK),JAN; OCT; NOV; DEC; (UNK),,BRE,,,,,,,
GAAD,Yellow-billed Loon,GAAD_Schmutz_etal_2014_TFXGMSIE,TFXGMSIE,T,A,-155.5,70.53,1,"Arctic Coastal Plain, Alaska (70.53333??, -155.5??)",Argos,17,,,,JUL,JUL,,BRE; FEE,,,,,,,
GAAD,Yellow-billed Loon,GAAD_Schmutz_etal_2014_TFXGMSIE,TFXGMSIE,T,B,-164.7167,66.3,1,"Seward Peninsula, Alaska (66.3??, -164.7167??)",Argos,5,,,,JUL,JUL,,BRE; FEE,,,,,,,
GAAD,Yellow-billed Loon,GAAD_Schmutz_etal_2014_TFXGMSIE,TFXGMSIE,T,C,-111.6167,64.85,1,"Daring lake, Canada (64.85??, -111.6167??)",Argos,12,,,,JUL,JUL,,BRE; FEE,,,,,,,
PHAL,Short-tailed Albatross,56XNI5TZ_Guy_etal_2013_PHAL,56XNI5TZ,O,A,-125.877007,41.295384,5,US West Coast,opportunistic survey; sightings,114,,,,(UNK),(UNK),,OBS,,,,,,,
PHAL,Short-tailed Albatross,56XNI5TZ_Guy_etal_2013_PHAL,56XNI5TZ,O,B,-126.3663,44.92768,5,"Eureka and Columbia, US West coast",sightings; survey,2,,,,(UNK),(UNK),,OBS,,,,,,,
PHAL,Short-tailed Albatross,56XNI5TZ_Guy_etal_2013_PHAL,56XNI5TZ,T,C,-126.300175,42.504031,5,North of 36‚Å∞N,Argos,8,,1,,JAN; SEP,JUN; DEC,,OBS,,,,,,,
PHAL,Short-tailed Albatross,56XNI5TZ_Guy_etal_2013_PHAL,56XNI5TZ,T,D,-121.05652,32.063826,5,South of 36‚Å∞N,Argos,8,,1,,JAN; SEP,JUN; DEC,,OBS,,,,,,,
PHAL,Short-tailed Albatross,56XNI5TZ_Guy_etal_2013_PHAL,56XNI5TZ,T,E,135.707548,36.210364,5,Alaska/Japan,Argos,8,,2,,JAN; SEP,(UNK),,BRE; OBS,Breeding location the birds were observed is Japan and these birds were also caught at sea in Alaskan waters. There are no figures for the two locations so only japan is georeferenced with a 5degree radius.,,,,,,
PHAL,Short-tailed Albatross,ZAXIINQ8_Suryan_etal_2006_PHAL,ZAXIINQ8,T,A,140.30241,30.485563,1,"Torishima, Izu islands Japan (30??? 28.3'N, 140??? 18.6' E)",Argos,11,1,,2003,MAY,(UNK),,BRE,,,,,,,
PHAL,Short-tailed Albatross,ZAXIINQ8_Suryan_etal_2006_PHAL,ZAXIINQ8,T,B,-172.799188,52.185006,5,"Seguam Pass (52??? 25.8' N, 172??? 46.4' W)",Argos,3,2,,2003,AUG,(UNK),,OBS,,,,,,,
PHAL,Short-tailed Albatross,ZAXIINQ8_Suryan_etal_2006_PHAL,ZAXIINQ8,T,C,140.508435,32.395461,5,Kuroshio Current system,Argos,11,2,,2003,(UNK),(UNK),,OBS,,,,,,,
PHAL,Short-tailed Albatross,ZAXIINQ8_Suryan_etal_2006_PHAL,ZAXIINQ8,T,D,165.984375,56.096912,5,Western Aleutian shelf,Argos,5,1,,2003,(UNK),SEP,,OBS,,,,,,,
PHAL,Short-tailed Albatross,ZAXIINQ8_Suryan_etal_2006_PHAL,ZAXIINQ8,T,E,176.333911,60.236069,5,Western Bering Sea,Argos,3,1,,2003,(UNK),(UNK),,OBS,,,,,,,
PHAL,Short-tailed Albatross,ZAXIINQ8_Suryan_etal_2006_PHAL,ZAXIINQ8,T,F,-125.801056,47.406494,5,California Current,Argos,,1,,,(UNK),NOV,,OBS,,,,,,,
PHAL,Short-tailed Albatross,TRC3SERJ_Suryan_etal_2007_PHAL,TRC3SERJ,T,A,140.290661,30.484994,1,"Tosishima, Izu Islands, Japan",Argos,11,,2,2003,MAY,MAY,,BRE,,,,,,,
PHAL,Short-tailed Albatross,TRC3SERJ_Suryan_etal_2007_PHAL,TRC3SERJ,T,B,-172.799188,52.185006,5,"Seguam Pass, Aleutian Islands, Alaska",Argos,3,,,2003,AUG,AUG,,OBS,,,,,,,
PHAL,Short-tailed Albatross,TRC3SERJ_Suryan_etal_2007_PHAL,TRC3SERJ,T,C,151.075569,47.038032,5,offshore Japan and Kuril Islands and Kamchatka Peninsula,Argos,,,1,2003,MAY,AUG,,OBS,,,,,,,
PHAL,Short-tailed Albatross,TRC3SERJ_Suryan_etal_2007_PHAL,TRC3SERJ,T,D,-179.55786,55.11944,10,Aleutian Islands and Bering Sea,Argos,,,1,2003,MAY,AUG,,OBS,,,,,,,
PHAL,Short-tailed Albatross,TRC3SERJ_Suryan_etal_2007_PHAL,TRC3SERJ,T,E,158.766270,50.000805,10,Pacific Rim,Argos,14,,,2003,MAY; AUG,AUG; SEP; NOV,,OBS,,,,,,,
PHIM,Laysan Albatross,PHIM_56XNI5TZ_Guy_etal_2013,56XNI5TZ,T,A,-115.121,26.45,5,Mexico,Argos,42,,,,JAN,(UNK),,BRE,,,,,,,
PHIM,Laysan Albatross,PHIM_56XNI5TZ_Guy_etal_2013,56XNI5TZ,T,B,-155.69,19.97,1,Hawaii,Argos,2,,,,JAN,(UNK),,BRE,,,,,,,
PHIM,Laysan Albatross,PHIM_56XNI5TZ_Guy_etal_2013,56XNI5TZ,T,C,-122.76,36.21,1,"North of 36 degrees, landward",Argos,,,,,(UNK),(UNK),,FEE,,,,,,,
PHIM,Laysan Albatross,PHIM_56XNI5TZ_Guy_etal_2013,56XNI5TZ,T,D,-124.8,36.55,1,"North of 36 degrees, seaward",Argos,,,,,(UNK),(UNK),,FEE,,,,,,,
PHIM,Laysan Albatross,PHIM_56XNI5TZ_Guy_etal_2013,56XNI5TZ,T,E,-120.49,33.03,1,"South of 36 degrees, landward",Argos,,,,,(UNK),(UNK),,FEE,,,,,,,
PHIM,Laysan Albatross,PHIM_56XNI5TZ_Guy_etal_2013,56XNI5TZ,T,F,-122.5,32.9,1,"South of 36 degrees, seaward",Argos,,,,,(UNK),(UNK),,FEE,,,,,,,
PHIM,Laysan Albatross,PHIM_6TN8QRWD_Hyrenbach_etal_2002,6TN8QRWD,T,A,-166.288,23.878,1,"Tern Island, Hawaii",Argos,7,,,1998,JAN,FEB,,FEE,,,,,,,
PHIM,Laysan Albatross,PHIM_6TN8QRWD_Hyrenbach_etal_2002,6TN8QRWD,T,B,-166.288,23.878,1,"Tern Island, Hawaii",Argos,4,,,1998,FEB,JUL,,FEE,,,,,,,
PHIM,Laysan Albatross,PHIM_6TN8QRWD_Hyrenbach_etal_2002,6TN8QRWD,T,C,-166.288,23.878,1,"Tern Island, Hawaii",Argos,7,,,1998,JAN,FEB,,FEE,,,,,,,
PHIM,Laysan Albatross,PHIM_6TN8QRWD_Hyrenbach_etal_2002,6TN8QRWD,T,D,-166.288,23.878,1,"Tern Island, Hawaii",Argos,5,,,1998,FEB,JUL,,FEE,,,,,,,
PHIM,Laysan Albatross,PHIM_7D9S7ZWE_Suryan&Fischer_2010,7D9S7ZWE,T,A,-175,50,10,North Pacific oceanic waters,Argos,19,,,2005; 2006,JUL,NOV,,FEE; WIN,,,,,,,
PHIM,Laysan Albatross,PHIM_A63PEFRQ_Fernandez_etal_2001,A63PEFRQ,T,A,-166.288,23.878,1,"Tern Island, hawaii",Argos,18,,,,JAN,JAN,,BRE; FEE,,,,,,,
PHIM,Laysan Albatross,PHIM_A63PEFRQ_Fernandez_etal_2001,A63PEFRQ,T,B,-166.288,23.878,1,"Tern Island, hawaii",Argos,12,,,,FEB,JUN,,BRE; FEE,,,,,,,
PHIM,Laysan Albatross,PHIM_A63PEFRQ_Fernandez_etal_2001,A63PEFRQ,T,C,-166.288,23.878,1,"Tern Island, hawaii",Argos,1,,1,,JAN,JUL,,BRE,,,,,,,
PHIM,Laysan Albatross,PHIM_A63PEFRQ_Fernandez_etal_2001,A63PEFRQ,T,D,-178.683,35.75,10,"Japan Current (35???45'N, 178???41'W)",Argos,1,,2,,JUL,(UNK),,STO,,,,,,,
PHIM,Laysan Albatross,PHIM_A63PEFRQ_Fernandez_etal_2001,A63PEFRQ,T,E,154.883,45.916,5,"Kuril Islands (45???55'N, 154???53'W",Argos,1,,1,,(UNK),(UNK),,STO,,,,,,,
PHIM,Laysan Albatross,PHIM_FNEXBCK6_Kappes_etal_2010,FNEXBCK6,T,A,-166.28,23.87,1,"Tern Island, Hawaii",Argos,38,,,2002; 2003; 2004; 2005,DEC,JAN,,FEE,,,,,,,
PHIM,Laysan Albatross,PHIM_HB9K236X_Gutowsky_etal_2014,HB9K236X,T,A,-177.23,28.12,1,"Sand Island, Midway Atoll",GLS,21,,3,,DEC,MAR,,BRE,,,,,,,
PHIM,Laysan Albatross,PHIM_HB9K236X_Gutowsky_etal_2014,HB9K236X,T,B,165.27,52.5,5,Russia and Commander Islands,GLS,16,,1,,(UNK),(UNK),,WIN,,,,,,,
PHIM,Laysan Albatross,PHIM_HB9K236X_Gutowsky_etal_2014,HB9K236X,T,C,146.66,39.4,5,Honshu Island and Hokkaido Island,GLS,13,,1,,(UNK),(UNK),,WIN,,,,,,,
PHIM,Laysan Albatross,PHIM_HB9K236X_Gutowsky_etal_2014,HB9K236X,T,D,179.5,50.55,5,"Southern Aleutian Arc, Alaska",GLS,7,,2,,(UNK),(UNK),,WIN,,,,,,,
PHIM,Laysan Albatross,PHIM_HB9K236X_Gutowsky_etal_2014,HB9K236X,T,E,-139.77,43.75,5,Oregon,GLS,2,,1,,(UNK),(UNK),,WIN,,,,,,,
PHIM,Laysan Albatross,PHIM_HB9K236X_Gutowsky_etal_2014,HB9K236X,T,F,-155,45,5,pelagic mid-North Pacific,GLS,4,,,,(UNK),(UNK),,OBS; WIN,,,,,,,
PHIM,Laysan Albatross,PHIM_Q7EFX463_Fischer_etal_2009,Q7EFX463,T,A,-172.95,52.08,5,Seguam Pass Central Aleutian Islands Alaska,Argos,18,,3,2005; 2006,JUL; AUG,(UNK),,FEE,,,,,,,
PHIM,Laysan Albatross,PHIM_Q7EFX463_Fischer_etal_2009,Q7EFX463,T,B,176.98,51.94,1,West Aleutian Islands,Argos,,,1,,(UNK),(UNK),,FEE,,,,,,,
PHIM,Laysan Albatross,PHIM_Q7EFX463_Fischer_etal_2009,Q7EFX463,T,C,-160.5,54.17,1,East Aleitian Islands,Argos,,,1,,(UNK),(UNK),,FEE,,,,,,,
PHIM,Laysan Albatross,PHIM_Q7EFX463_Fischer_etal_2009,Q7EFX463,T,D,159.5,47.5,1,Russian EEZ,Argos,3,,1,,(UNK),(UNK),,FEE,,,,,,,
PHIM,Laysan Albatross,PHIM_RPH5FI33_Finkelstein_etal_2006,RPH5FI33,T,A,-166.288,23.878,1,Tern Island,Argos,15,,,,JAN,JUL,,FEE,,,,,,,
PHIM,Laysan Albatross,PHIM_Shaffer_etal_2005_GC3UQJPD,GC3UQJPD,T,A,-166.288,23.878,1,"Tern Islands, Hawaii",Argos; geolocation archival tag,11,2,2,,DEC,DEC,,BRE,,,,,,,
PHIM,Laysan Albatross,PHIM_Shaffer_etal_2005_GC3UQJPD,GC3UQJPD,T,B,-118.16,28.516,1,"Guadalupe Island, Mexico",Argos; geolocation archival tag,13,2,2,,JAN,JAN,,BRE,,,,,,,
PHIM,Laysan Albatross,PHIM_Shaffer_etal_2005_GC3UQJPD,GC3UQJPD,T,C,-158,40,10,"40???N, 158???W",Argos; geolocation archival tag,11,,2,,(UNK),(UNK),,OBS,,,,,,,
PHIM,Laysan Albatross,PHIM_Shaffer_etal_2005_GC3UQJPD,GC3UQJPD,T,D,-119,30,10,"30???N, 119???W",Argos; geolocation archival tag,13,,2,,(UNK),(UNK),,OBS,,,,,,,
PHIM,Laysan Albatross,PHIM_Shaffer_etal_2005_GC3UQJPD,GC3UQJPD,T,E,-162,40,5,"about 40???N, 162???W",Argos; geolocation archival tag,2,2,,,(UNK),(UNK),,OBS,,,,,,,
PHIM,Laysan Albatross,PHIM_Shaffer_etal_2005_GC3UQJPD,GC3UQJPD,T,F,-150,50,5,"about 50???N, 150???W",Argos; geolocation archival tag,2,2,,,(UNK),(UNK),,OBS,,,,,,,
PHIM,Laysan Albatross,PHIM_T3S2B8GW_Robinson_etal_2007,T3S2B8GW,T,A,-166.288,23.878,1,Tern Island,Argos,2,,,,DEC,JAN,,FEE,,,,,,,
PHIM,Laysan Albatross,PHIM_TDRJBX4G_Kappes_etal_2015,TDRJBX4G,T,A,-166.288,23.878,1,"Tern Island, hawaii",Argos,59,,,,NOV,JAN,,FEE,,,,,,,
PHIM,Laysan Albatross,PHIM_TDRJBX4G_Kappes_etal_2015,TDRJBX4G,T,B,-166.288,23.878,1,"Tern Island, hawaii",Argos,39,,,,FEB,FEB,,FEE,,,,,,,
PHIM,Laysan Albatross,PHIM_TDRJBX4G_Kappes_etal_2015,TDRJBX4G,T,C,-166.288,23.878,1,"Tern Island, hawaii",Argos,27,,,,MAR,JUL,,FEE,,,,,,,
PHIM,Laysan Albatross,PHIM_Tremblay_etal_2006_SSFG7GJP,SSFG7GJP,T,A,-166.288,23.878,5,"Tern island, Hawaii",Argos,2,2,,,(UNK),(UNK),,BRE,,,,,,,
PHIM,Laysan Albatross,PHIM_Tremblay_etal_2006_SSFG7GJP,SSFG7GJP,T,B,159.1,35.85,10,offshore of japan,Argos,2,2,,,(UNK),(UNK),,OBS,,,,,,,
PHIM,Laysan Albatross,PHIM_TT7JF3HJ_Yonehara_etal_2016,TT7JF3HJ,T,A,-158.26,21.56,1,"Ka'ena Point, Oahu Island breeding colony (21?? 34?Ä?N, 158?? 16?Ä?W)",GPS,3,,,2014,FEB,(UNK),,NES,,,,,,,
PHIM,Laysan Albatross,PHIM_WAXE9995_Conners_etal_2015,WAXE9995,T,A,-166.288,23.878,1,Tern Island Hawaii,GPS datalogger,19,,,2006; 2009; 2010; 2012,NOV,DEC,,FEE,,,,,,,
PHIM,Laysan Albatross,PHIM_WAXE9995_Conners_etal_2015,WAXE9995,T,B,-166.288,23.878,1,Tern Island Hawaii,GPS datalogger,19,,,2006; 2009; 2010; 2012,JAN,MAR,,FEE,,,,,,,
PHIM,Laysan Albatross,PHIM_Winship_etal_2012_B9HTQWUQ,B9HTQWUQ,T,A,-166,23,1,"Tern Island (23, -166)",GEOLOCATOR (GLS); SATELLITE TAG (ARGOS),16,,,2002; 2003; 2004; 2005; 2006,DEC,DEC,,BRE; NES,,,,,,,
PHIM,Laysan Albatross,PHIM_Winship_etal_2012_B9HTQWUQ,B9HTQWUQ,T,B,-155,27,10,Foraging Site Individual #6,GEOLOCATOR (GLS); SATELLITE TAG (ARGOS),2,,,2002; 2003; 2004; 2005; 2006,DEC,JAN,,FEE,,,,,,,
PHIM,Laysan Albatross,PHIM_Winship_etal_2012_B9HTQWUQ,B9HTQWUQ,T,C,-167,34,10,Foraging Site Individual #8,GEOLOCATOR (GLS); SATELLITE TAG (ARGOS),2,,,2002; 2003; 2004; 2005; 2006,DEC,JAN,,FEE,,,,,,,
PHIM,Laysan Albatross,PHIM_Winship_etal_2012_B9HTQWUQ,B9HTQWUQ,T,D,-167,33,10,Foraging Site Individual #3,GEOLOCATOR (GLS); SATELLITE TAG (ARGOS),2,,,2002; 2003; 2004; 2005; 2006,DEC,JAN,,FEE,,,,,,,
PHIM,Laysan Albatross,PHIM_Winship_etal_2012_B9HTQWUQ,B9HTQWUQ,T,E,-162,35,10,Foraging Site Individual #13,GEOLOCATOR (GLS); SATELLITE TAG (ARGOS),2,,,2002; 2003; 2004; 2005; 2006,DEC,JAN,,FEE,,,,,,,
PHIM,Laysan Albatross,PHIM_Winship_etal_2012_B9HTQWUQ,B9HTQWUQ,T,F,-163,33,10,Foraging Site Individual #10,GEOLOCATOR (GLS); SATELLITE TAG (ARGOS),2,,,2002; 2003; 2004; 2005; 2006,DEC,JAN,,FEE,,,,,,,
PHIM,Laysan Albatross,PHIM_Young_etal_2009_D77SS4PG,D77SS4PG,T,A,-158.27,21.57,1,"Kaena Point Natural Area Reserve, Oahu (21.57, -158.27)",GEOLOCATOR (GLS),29,,1,2005,FEB,(UNK),,BRE,,,,,,,
PHIM,Laysan Albatross,PHIM_Young_etal_2009_D77SS4PG,D77SS4PG,T,B,-178.28,28.38,1,"Kure Atoll (28.38, -178.28)",GEOLOCATOR (GLS),58,,1,2005,MAY,(UNK),,BRE,,,,,,,
PHIM,Laysan Albatross,PHIM_Young_etal_2009_D77SS4PG,D77SS4PG,T,C,-160,31,10,At-sea feeding KUD for Laysan from Oahu during incubation period around North Pacific Transition Zone,GEOLOCATOR (GLS),11,,,2005; 2006; 2007,(UNK),(UNK),,FEE,,,,,,,
PHIM,Laysan Albatross,PHIM_Young_etal_2009_D77SS4PG,D77SS4PG,T,D,-159,25,10,At-sea feeding KUD for Laysan from Oahu during chick guard period around North Pacific Transition Zone,GEOLOCATOR (GLS),11,,,2005; 2006; 2007,(UNK),(UNK),,FEE,,,,,,,
PHIM,Laysan Albatross,PHIM_Young_etal_2009_D77SS4PG,D77SS4PG,T,E,173,40,10,At-sea feeding KUD for Laysan from Oahu during post-guard period around sub-arctic waters,GEOLOCATOR (GLS),11,,,2005; 2006; 2007,(UNK),(UNK),,FEE,,,,,,,
PHIM,Laysan Albatross,PHIM_Young_etal_2009_D77SS4PG,D77SS4PG,T,F,166,43,10,At-sea feeding KUD for Laysan from Oahu during non breeding period in the North Pacific Transition Zone,GEOLOCATOR (GLS),11,,1,2005; 2006; 2007,(UNK),(UNK),,FEE,,,,,,,
PHIM,Laysan Albatross,PHIM_Young_etal_2009_D77SS4PG,D77SS4PG,T,G,180,32,10,At-sea feeding KUD for Laysan from Kure during incubation period around Emperor Seamounts,GEOLOCATOR (GLS),12,,,2005; 2006; 2007,(UNK),(UNK),,FEE,,,,,,,
PHIM,Laysan Albatross,PHIM_Young_etal_2009_D77SS4PG,D77SS4PG,T,H,180,30,10,At-sea feeding KUD for Laysan from Kure during chick guard period around Emperor Seamounts,GEOLOCATOR (GLS),12,,,2005; 2006; 2007,(UNK),(UNK),,FEE,,,,,,,
PHIM,Laysan Albatross,PHIM_Young_etal_2009_D77SS4PG,D77SS4PG,T,I,171,41,10,At-sea feeding KUD for Laysan from Kure during post guard period around subarctic waters,GEOLOCATOR (GLS),12,,,2005; 2006; 2007,(UNK),(UNK),,FEE,,,,,,,
PHIM,Laysan Albatross,PHIM_Young_etal_2009_D77SS4PG,D77SS4PG,T,J,160,45,10,At-sea feeding KUD for Laysan from Kure during non breeding period in the North Pacific transition Zone,GEOLOCATOR (GLS),12,,1,2005; 2006; 2007,(UNK),(UNK),,FEE,,,,,,,
PHIM,Laysan Albatross,PHIM_ZU99WKHB_Pitman&Ballance_2002_datasheet,ZU99WKHB,O,A,-110.8,19.317,1,"Herrera Crater, San Benedicto Island, Mexico",sightings,92,,,,FEB; MAR; APR; MAY; NOV; DEC,(UNK),,BRE; OBS,,,,,,,
PHIM,Laysan Albatross,PHIM_ZU99WKHB_Pitman&Ballance_2002_datasheet,ZU99WKHB,O,B,-110.8,19.3,1,"Albatross Beach, San Benedicto, Mexico",sightings,3,,,,DEC,(UNK),,BRE,,,,,,,
PHNI,Black-footed Albatross,PHNI_38PD87HW_Gutowsky_etal_2014,38PD87HW,T,A,-177.4,28.21,1,Midway Atoll National Wildlife Refuge,Argos; GLS,35,1,3,,JAN; JUN,JUN; (UNK),,BRE; FLE,,,,,,,
PHNI,Black-footed Albatross,PHNI_38PD87HW_Gutowsky_etal_2014,38PD87HW,T,B,180,40,10,North Pacific Transition Zone,Argos,19,1,,,AUG,OCT,,FEE; OBS,,,,,,,
PHNI,Black-footed Albatross,PHNI_38PD87HW_Gutowsky_etal_2014,38PD87HW,T,C,152.6,48.4,5,Japan,GLS,,,1,,,,,FEE; OBS,,,,,,,
PHNI,Black-footed Albatross,PHNI_38PD87HW_Gutowsky_etal_2014,38PD87HW,T,D,-171.15,52.18,10,Aleutian Islands,GLS,,,1,,,,,FEE; OBS,,,,,,,
PHNI,Black-footed Albatross,PHNI_38PD87HW_Gutowsky_etal_2014,38PD87HW,T,E,-164.26,42.5,10,Gulf of Alaska,GLS,,,1,,,,,FEE; OBS,,,,,,,
PHNI,Black-footed Albatross,PHNI_56XNI5TZ_Guy_etal_2013,56XNI5TZ,T,A,-155.7,19.89,1,Hawaii,Argos,13,,4,,(UNK),JAN,,BRE,,,,,,,
PHNI,Black-footed Albatross,PHNI_56XNI5TZ_Guy_etal_2013,56XNI5TZ,T,B,-124,45,5,North of 36 degrees landward,Argos,,,1,,(UNK),,,FEE,,,,,,,
PHNI,Black-footed Albatross,PHNI_56XNI5TZ_Guy_etal_2013,56XNI5TZ,T,C,-121,34.5,5,South of 36 degrees landward,Argos,,,1,,(UNK),,,FEE,,,,,,,
PHNI,Black-footed Albatross,PHNI_56XNI5TZ_Guy_etal_2013,56XNI5TZ,T,D,-128,45,5,North of 36 degrees seaward,Argos,,,1,,(UNK),,,FEE,,,,,,,
PHNI,Black-footed Albatross,PHNI_56XNI5TZ_Guy_etal_2013,56XNI5TZ,T,E,-121,34.5,5,South of 36 degrees seaward,Argos,,,1,,(UNK),,,FEE,,,,,,,
PHNI,Black-footed Albatross,PHNI_6TN8QRWD_Hyrenbach_etal_2002,6TN8QRWD,T,A,-166.288,23.878,1,"Tern Island, Hawaii",Argos,7,,,1998,JAN,FEB,,FEE,,,,,,,
PHNI,Black-footed Albatross,PHNI_6TN8QRWD_Hyrenbach_etal_2002,6TN8QRWD,T,B,-166.288,23.878,1,"Tern Island, Hawaii",Argos,7,,,1998,FEB,JUL,,FEE,,,,,,,
PHNI,Black-footed Albatross,PHNI_6TN8QRWD_Hyrenbach_etal_2002,6TN8QRWD,T,C,-166.288,23.878,1,"Tern Island, Hawaii",Argos,7,,,1998,JAN,FEB,,FEE,,,,,,,
PHNI,Black-footed Albatross,PHNI_6TN8QRWD_Hyrenbach_etal_2002,6TN8QRWD,T,D,-166.288,23.878,1,"Tern Island, Hawaii",Argos,3,,,1998,FEB,JUL,,FEE,,,,,,,
PHNI,Black-footed Albatross,PHNI_7D9S7ZWE_Suryan&Fischer_2010,7D9S7ZWE,T,A,-172,52,5,southeast shelf break waters,Argos,8,,,2005,AUG,OCT,,FEE; WIN,,,,,,,
PHNI,Black-footed Albatross,PHNI_A4TXJ4GZ_Adams_and_Flora_2010_datasheet,A4TXJ4GZ,T,A,-136,37,5,California Current,Argos,2,1,,,(UNK),JUL,,OBS,,,,,,,
PHNI,Black-footed Albatross,PHNI_A4TXJ4GZ_Adams_and_Flora_2010_datasheet,A4TXJ4GZ,T,B,-149,48,5,Gulf of Alaska,Argos,2,2,,,AUG,AUG,,OBS,,,,,,,
PHNI,Black-footed Albatross,PHNI_A4TXJ4GZ_Adams_and_Flora_2010_datasheet,A4TXJ4GZ,T,C,178,40,10,North Pacific,Argos,2,1,,,(UNK),SEP,,OBS,,,,,,,
PHNI,Black-footed Albatross,PHNI_A63PEFRQ_Fernandez_etal_2001,A63PEFRQ,T,A,-166.288,23.878,1,"Tern Island, hawaii",Argos,23,,,,JAN,JAN,,BRE; FEE,,,,,,,
PHNI,Black-footed Albatross,PHNI_A63PEFRQ_Fernandez_etal_2001,A63PEFRQ,T,B,-166.288,23.878,1,"Tern Island, hawaii",Argos,15,,,,FEB,(UNK),,BRE; FEE,,,,,,,
PHNI,Black-footed Albatross,PHNI_A63PEFRQ_Fernandez_etal_2001,A63PEFRQ,T,C,-166.288,23.878,1,"Tern Island, hawaii",Argos,2,,,,FEB,JUN,,BRE; FEE,,,,,,,
PHNI,Black-footed Albatross,PHNI_A63PEFRQ_Fernandez_etal_2001,A63PEFRQ,T,D,-166.288,23.878,1,"Tern Island, hawaii",Argos,2,,1,,JAN,APR,,BRE,,,,,,,
PHNI,Black-footed Albatross,PHNI_A63PEFRQ_Fernandez_etal_2001,A63PEFRQ,T,E,-124,47,1,"Columbia River mouth (47???42'N, 124???41'W)",Argos,2,,2,,MAY,MAY,,STO,,,,,,,
PHNI,Black-footed Albatross,PHNI_A63PEFRQ_Fernandez_etal_2001,A63PEFRQ,T,F,-123,37.5,1,San Francisco bay,Argos,2,,1,,JUN,JUN,,STO,,,,,,,
PHNI,Black-footed Albatross,PHNI_FNEXBCK6_Kappes_etal_2010,FNEXBCK6,T,A,-166.288,23.878,1,"Tern island, Hawaii",Argos,37,,,2002; 2003; 2004; 2005,DEC,JAN,,FEE,,,,,,,
PHNI,Black-footed Albatross,PHNI_HB9K236X_Gutowsky_etal_2014,HB9K236X,T,A,-177.23,28.12,1,"Sand Island, Midway Atoll",GLS,16,,4,,DEC,MAR,,BRE,,,,,,,
PHNI,Black-footed Albatross,PHNI_HB9K236X_Gutowsky_etal_2014,HB9K236X,T,B,-166.89,53.5,5,Unalaska Island,GLS,9,,1,,(UNK),(UNK),,WIN,,,,,,,
PHNI,Black-footed Albatross,PHNI_HB9K236X_Gutowsky_etal_2014,HB9K236X,T,C,170,39,5,Emperor Seamounts,GLS,9,,1,,(UNK),(UNK),,WIN,,,,,,,
PHNI,Black-footed Albatross,PHNI_HB9K236X_Gutowsky_etal_2014,HB9K236X,T,D,142,39,5,Honshu and Hokkaido Islands,GLS,3,,1,,(UNK),(UNK),,WIN,,,,,,,
PHNI,Black-footed Albatross,PHNI_HB9K236X_Gutowsky_etal_2014,HB9K236X,T,E,-126.32,49.25,1,"Vancouver Island, BC, Canada",GLS,2,,2,,(UNK),(UNK),,WIN,,,,,,,
PHNI,Black-footed Albatross,PHNI_HB9K236X_Gutowsky_etal_2014,HB9K236X,T,F,-144,58.9,5,Gulf of Alaska,GLS,2,,2,,(UNK),(UNK),,WIN,,,,,,,
PHNI,Black-footed Albatross,PHNI_HB9K236X_Gutowsky_etal_2014,HB9K236X,T,G,-155.4,48.9,5,mid-eastern north pacific,GLS,2,,1,,(UNK),(UNK),,WIN,,,,,,,
PHNI,Black-footed Albatross,PHNI_Q7EFX463_Fischer_etal_2009,Q7EFX463,T,A,-172.95,52.08,1,Seguam Pass Central Aleutian Islands Alaska,Argos,7,,4,2005,AUG,(UNK),,FEE,,,,,,,
PHNI,Black-footed Albatross,PHNI_Q7EFX463_Fischer_etal_2009,Q7EFX463,T,B,-163.5,55,5,East Aleutian Islands,Argos,,,1,2005,(UNK),(UNK),,FEE,,,,,,,
PHNI,Black-footed Albatross,PHNI_Q7EFX463_Fischer_etal_2009,Q7EFX463,T,C,-140.39,58.36,5,Gulf of Alaska,Argos,,,1,2005,(UNK),(UNK),,FEE,,,,,,,
PHNI,Black-footed Albatross,PHNI_Q7EFX463_Fischer_etal_2009,Q7EFX463,T,D,-165.5,55.5,1,Southeast Bering Sea,Argos,,,1,2005,(UNK),(UNK),,FEE,,,,,,,
PHNI,Black-footed Albatross,PHNI_Q7EFX463_Fischer_etal_2009,Q7EFX463,T,E,-130,51.5,5,EEZ of British Columbia,Argos,3,,1,2005,(UNK),(UNK),,FEE,,,,,,,
PHNI,Black-footed Albatross,PHNI_Q8EN4BCZ_Hyrenbach_and_Dotson_2001,Q8EN4BCZ,T,A,-125,32.5,5,Subtropical Frontal Zone,Argos,2,1,,,JUL,JUL,,OBS,,,,,,,
PHNI,Black-footed Albatross,PHNI_Q8EN4BCZ_Hyrenbach_and_Dotson_2001,Q8EN4BCZ,T,B,-155,43,5,Transition Zone,Argos,2,1,,,AUG,AUG,,OBS,,,,,,,
PHNI,Black-footed Albatross,PHNI_RPH5FI33_Finkelstein_etal_2006,RPH5FI33,T,A,-166.288,23.878,1,Tern Island,Argos,16,,,,JAN,JUL,,FEE,,,,,,,
PHNI,Black-footed Albatross,PHNI_Shaffer_etal_2015_GC3UQJPD,GC3UQJPD,T,A,-166.288,23.878,1,"Tern Island, Hawaii",Argos; geolocation archival tag,8,,2,,DEC,DEC,,BRE,,,,,,,
PHNI,Black-footed Albatross,PHNI_Shaffer_etal_2015_GC3UQJPD,GC3UQJPD,T,B,-167,36,5,"36???N, 167???W",Argos; geolocation archival tag,8,,2,,(UNK),(UNK),,OBS,,,,,,,
PHNI,Black-footed Albatross,PHNI_TDRJBX4G_Kappes_etal_2015,TDRJBX4G,T,A,-166.288,23.878,1,"Tern Island, hawaii",Argos,52,,,,NOV,JAN,,FEE,,,,,,,
PHNI,Black-footed Albatross,PHNI_TDRJBX4G_Kappes_etal_2015,TDRJBX4G,T,B,-166.288,23.878,1,"Tern Island, hawaii",Argos,36,,,,FEB,FEB,,FEE,,,,,,,
PHNI,Black-footed Albatross,PHNI_TDRJBX4G_Kappes_etal_2015,TDRJBX4G,T,C,-166.288,23.878,1,"Tern Island, hawaii",Argos,24,,,,MAR,JUL,,FEE,,,,,,,
PHNI,Black-footed Albatross,PHNI_Tremblay_etal_2006_SSFG7GJP,SSFG7GJP,T,A,-166.288,23.878,1,"Tern Island, Hawaii",Argos,2,2,,,(UNK),(UNK),,BRE,,,,,,,
PHNI,Black-footed Albatross,PHNI_Tremblay_etal_2006_SSFG7GJP,SSFG7GJP,T,B,-167,21,5,"21???N, 167???W",Argos,2,2,,,(UNK),(UNK),,OBS,,,,,,,
PHNI,Black-footed Albatross,PHNI_U59PMG5X_Hyrenbach&Dotson_2003,U59PMG5X,T,A,-124,32.5,5,United States EEZ,Argos,5,4,,,JUL; AUG; (UNK),SEP; (UNK),,FEE,,,,,,,
PHNI,Black-footed Albatross,PHNI_U59PMG5X_Hyrenbach&Dotson_2003,U59PMG5X,T,B,-115,31,5,Mexico EEZ,Argos,2,1,,,(UNK),SEP,,FEE,,,,,,,
PHNI,Black-footed Albatross,PHNI_U59PMG5X_Hyrenbach&Dotson_2003,U59PMG5X,T,C,-125,29,10,High Seas,Argos,3,3,,,JUL; (UNK),SEP,,FEE,,,,,,,
PHNI,Black-footed Albatross,PHNI_WAXE9995_Conners_etal_2015,WAXE9995,T,A,-166.288,23.878,1,Tern Island Hawaii,GPS dataloggers,21,,,2006; 2009; 2010; 2012,NOV,DEC,,FEE,,,,,,,
PHNI,Black-footed Albatross,PHNI_WAXE9995_Conners_etal_2015,WAXE9995,T,B,-166.288,23.878,1,Tern Island Hawaii,GPS dataloggers,21,,,2006; 2009; 2010; 2012,JAN,MAR,,FEE,,,,,,,
PHNI,Black-footed Albatross,PHNI_Winship_etal_2012_B9HTQWUQ,B9HTQWUQ,T,A,-166.288,23.878,1,"Tern Island (23, -166)",GEOLOCATOR (GLS); SATELLITE TAG (ARGOS),13,,,2004; 2005; 2006,DEC,DEC,,BRE; NES,,,,,,,
PHNI,Black-footed Albatross,PHNI_Winship_etal_2012_B9HTQWUQ,B9HTQWUQ,T,B,-162,30,5,Foraging Route Site Individual #5,GEOLOCATOR (GLS); SATELLITE TAG (ARGOS),2,,,2004; 2005; 2006,JAN,JAN,,FEE,,,,,,,
PHNI,Black-footed Albatross,PHNI_Winship_etal_2012_B9HTQWUQ,B9HTQWUQ,T,C,-176.5,30,5,Foraging Route Site Individual #1,GEOLOCATOR (GLS); SATELLITE TAG (ARGOS),2,,,2004; 2005; 2006,JAN,JAN,,FEE,,,,,,,
PHNI,Black-footed Albatross,PHNI_Winship_etal_2012_B9HTQWUQ,B9HTQWUQ,T,D,-149,28,5,Foraging Route Site Individual #6,GEOLOCATOR (GLS); SATELLITE TAG (ARGOS),2,,,2004; 2005; 2006,JAN,JAN,,FEE,,,,,,,
PHNI,Black-footed Albatross,PHNI_Winship_etal_2012_B9HTQWUQ,B9HTQWUQ,T,E,-156,30.5,5,Foraging Route Site Individual #11,GEOLOCATOR (GLS); SATELLITE TAG (ARGOS),2,,,2004; 2005; 2006,JAN,JAN,,FEE,,,,,,,
PHNI,Black-footed Albatross,PHNI_WTAWEC3B_Hyrenbach_etal_2006,WTAWEC3B,T,A,-166.288,23.878,1,"Tern Island, hawaii",Argos,9,,,,JAN,JUN,,BRE; FEE,,,,,,,
PHNI,Black-footed Albatross,PHNI_WTAWEC3B_Hyrenbach_etal_2006,WTAWEC3B,T,B,-123.41,38.03,1,Cordell Bank National Marine Sanctuary,Argos,3,,,,MAR,JUN,,FEE,,,,,,,
PHNI,Black-footed Albatross,PHNI_WTAWEC3B_Hyrenbach_etal_2006,WTAWEC3B,T,C,-122.99,37.8,1,Gulf of Farallones National Marine Sanctuary,Argos,3,,,,MAR,JUN,,FEE,,,,,,,
PHNI,Black-footed Albatross,PHNI_WTAWEC3B_Hyrenbach_etal_2006,WTAWEC3B,T,D,-122.17,36.45,1,Monterey Bay National Marine Sanctuary,Argos,3,,,,MAR,JUN,,FEE,,,,,,,
PHNI,Black-footed Albatross,PHNI_WTAWEC3B_Hyrenbach_etal_2006,WTAWEC3B,O,E,-122.8,37,5,California Current System,15 minute survey bins; sightings,145,,,,MAY,MAY,,FEE,,,,,,,
PHNI,Black-footed Albatross,PHNI_ZU99WKHB_Pitman_and_Ballance_2002_datasheet,ZU99WKHB,O,A,-110.79,19.3,1,"Albatross Beach, San Benedicto Island, Mexico",aeriel imagery; sightings,2,,,,DEC,DEC,,OBS,,,,,,,
PHNI,Black-footed Albatross,PHNI_ZU99WKHB_Pitman_and_Ballance_2002_datasheet,ZU99WKHB,O,B,-110.79,19.31,1,"Herrera Crater, San Benedicto Island, Mexico",aeriel imagery; sightings,3,,,,DEC,DEC,,BRE,,,,,,,
PHPA,Light-mantled Albatross,P7MAWJJX_Phalan_etal_2007_Phpa,P7MAWJJX,T,A,-38,-54,1,"Bird Island, South Georgia (-54, -38)",SATELLITE TAG (ARGOS),4,,,2003,JAN; FEB; (UNK),JAN; FEB; (UNK),,NES,,,,,,,
PHPA,Light-mantled Albatross,S8GP4DWC_Phillips_etal_2009_Phpa,S8GP4DWC,T,A,-38.05,-54,1,"Bird Island, South Georgia (-54.0, -38.05)",SATELLITE TAG (ARGOS),5,2,,2003,JAN; FEB; MAR; APR; MAY; (UNK),JAN; FEB; MAR; APR; MAY; (UNK),,NES,,,,,,,
PHPA,Light-mantled Albatross,S8GP4DWC_Phillips_etal_2009_Phpa,S8GP4DWC,T,B,-38.05,-60,10,"Neritic and oceanic waters south of South Georgia islands (-50 - -60, -20 - -60)",SATELLITE TAG (ARGOS),5,2,,2003,JAN; FEB; MAR; APR; MAY; (UNK),JAN; FEB; MAR; APR; MAY; (UNK),,FEE,,,,,,,
PRAE,White-chinned Petrel,J8R85ZGK_Croxall_and_Wood_2002_Prae,J8R85ZGK,T,A,-38,-54,1,South Georgia,Argos,,,,,(UNK),(UNK),,NES,,,,,,,
PRAE,White-chinned Petrel,J8R85ZGK_Croxall_and_Wood_2002_Prae,J8R85ZGK,T,B,-59.54,-51.78,1,Falkland Islands,Argos,,,,,(UNK),(UNK),,NES,,,,,,,
PRAE,White-chinned Petrel,J8R85ZGK_Croxall_and_Wood_2002_Prae,J8R85ZGK,T,C,-55,-48,5,Inshore waters of the Patagonian Shelf,Argos,,,,,NOV,NOV,,FEE,,,,,,,
PRAE,White-chinned Petrel,J8R85ZGK_Croxall_and_Wood_2002_Prae,J8R85ZGK,T,D,-37.5,-55.04,1,South Georgian continental shelf,Argos,,,,,JAN,FEB,,FEE,,,,,,,
PRAE,White-chinned Petrel,J8R85ZGK_Croxall_and_Wood_2002_Prae,J8R85ZGK,T,E,-40,-41,10,north-west of Falkland Islands,Argos,,,,,NOV,JUN,,FEE,,,,,,,
PTSA,Hawaiian Petrel,PTSA_A4TXJ4GZ_Adams_and_Flora_2010,A4TXJ4GZ,T,A,-156.16,20.7,1,"Haleakala, Maui, Hawaii",Argos,2,2,,,(UNK),AUG,,BRE,,,,,,,
PTSA,Hawaiian Petrel,PTSA_A4TXJ4GZ_Adams_and_Flora_2010,A4TXJ4GZ,T,B,-154,40,10,Northeast Pacific Ocean,Argos,2,2,,,AUG,AUG,,FEE; OBS,,,,,,,
STPA,Arctic Tern,ES6ER5A8_Fijn_etal_2013_Stpa,ES6ER5A8,T,A,7,53,1,"Breeding Colonies in Delfzijl, Netherlands (53.45, 6.82) and Eemshaven, Netherlands (53.33, 6.94)",GEOLOCATOR (GLS),8,2,,2011; 2012,APR; JUN,JUL; (UNK),,NES,,,,,,,
STPA,Arctic Tern,ES6ER5A8_Fijn_etal_2013_Stpa,ES6ER5A8,T,B,4,56,5,North Sea region (close to breeding region),GEOLOCATOR (GLS),6,2,,2011,JUL,JUL,,STA,,,,,,,
STPA,Arctic Tern,ES6ER5A8_Fijn_etal_2013_Stpa,ES6ER5A8,T,C,-34,46,10,East of Grand Banks off Newfoundland Staging Area,GEOLOCATOR (GLS),6,4,,2011; 2012,APR; AUG,APR; AUG,,STA,,,,,,,
STPA,Arctic Tern,ES6ER5A8_Fijn_etal_2013_Stpa,ES6ER5A8,T,D,7,-23,10,Benguela Current Staging Area,GEOLOCATOR (GLS),6,2,,2011,AUG,SEP,,STA,,,,,,,
STPA,Arctic Tern,ES6ER5A8_Fijn_etal_2013_Stpa,ES6ER5A8,T,E,80,-30,10,Indian Ocean traverse (subtropical waters in the Indian Ocean between 20-40S and 64-100E),GEOLOCATOR (GLS),6,2,,2011,OCT,OCT,,STA,,,,,,,
STPA,Arctic Tern,ES6ER5A8_Fijn_etal_2013_Stpa,ES6ER5A8,T,F,135,-60,10,East Antarctic waters between 100-170E (non-breeding range),GEOLOCATOR (GLS),6,2,,2011; 2012,NOV,MAR,,NBR,,,,,,,
STPA,Arctic Tern,QSACC28X_Cranmer_etal_2017_STPA,QSACC28X,T,A,-67.864,44.367,1,"Petit Manan Island, Steuben Maine",VHF radio transmitters,8,,4,2013,JUN,JUL,,BRE,,,,,,,
STPA,Arctic Tern,QSACC28X_Cranmer_etal_2017_STPA,QSACC28X,T,B,-65.23,42.5,1,East- south east direction,VHF radio transmitters,,,1,2013,,,,FEE,,,,,,,
STPA,Arctic Tern,QSACC28X_Cranmer_etal_2017_STPA,QSACC28X,T,C,-62.94,47.03,1,North east direction,VHF radio transmitters,,,1,2013,,,,FEE,,,,,,,
STPA,Arctic Tern,QSACC28X_Cranmer_etal_2017_STPA,QSACC28X,T,D,-70.31,42.32,1,south- south west direction,VHF radio transmitters,,,1,2013,,,,FEE,,,,,,,
STPA,Arctic Tern,QSACC28X_Cranmer_etal_2017_STPA,QSACC28X,T,E,-67.45,41.76,1,south- south east direction,VHF radio transmitters,,,1,2013,,,,FEE,,,,,,,
STPA,Arctic Tern,D5TT89CJ_Duffy_etal_2013_STPA,D5TT89CJ,T,A,-148.3333,61,1,"Prince William Sound, Alaska",geolocators,7,,5,2007,(UNK),JUN,,BRE,,,,,,,
STPA,Arctic Tern,D5TT89CJ_Duffy_etal_2013_STPA,D5TT89CJ,T,B,-111,-60,1,"60???S, 111???W",geolocators,2,,1,2007,(UNK),(UNK),,OBS,,,,,,,
STPA,Arctic Tern,D5TT89CJ_Duffy_etal_2013_STPA,D5TT89CJ,T,C,-72.4,-35.8,1,"35.8??S, 72.4??W",geolocators,2,1,1,2007,OCT,OCT,,OBS,,,,,,,
STPA,Arctic Tern,D5TT89CJ_Duffy_etal_2013_STPA,D5TT89CJ,T,D,-72.4,-36.5,1,"36.5??S, 72.4??W",geolocators,2,1,1,2007,OCT,OCT,,OBS,,,,,,,
STPA,Arctic Tern,D5TT89CJ_Duffy_etal_2013_STPA,D5TT89CJ,T,E,-73.3,-39.4,1,"39.4??S, 73.3??W",geolocators,2,1,1,2007,OCT,OCT,,OBS,,,,,,,
STPA,Arctic Tern,D5TT89CJ_Duffy_etal_2013_STPA,D5TT89CJ,T,F,-72.5,-37.1,1,"37.1??S, 72.5??W",geolocators,2,1,1,2007,NOV,NOV,,OBS,,,,,,,
STPA,Arctic Tern,D5TT89CJ_Duffy_etal_2013_STPA,D5TT89CJ,T,G,-61.6,-44,1,"44.0??S, 61.6??W",geolocators,2,1,,2007,OCT,OCT,,OBS,,,,,,,
STPA,Arctic Tern,D5TT89CJ_Duffy_etal_2013_STPA,D5TT89CJ,T,H,-63.6,-45.2,1,"45.2??S, 63.6??W",geolocators,2,1,,2007,OCT,OCT,,OBS,,,,,,,
STPA,Arctic Tern,D5TT89CJ_Duffy_etal_2013_STPA,D5TT89CJ,T,I,-62.7,-44.9,1,"44.9??S, 62.7??W",geolocators,2,1,,2007,OCT,OCT,,OBS,,,,,,,
STPA,Arctic Tern,D5TT89CJ_Duffy_etal_2013_STPA,D5TT89CJ,T,J,-62.2,-38.9,1,"38.9??S, 62.2??W",geolocators,2,1,,2007,NOV,NOV,,OBS,,,,,,,
STPA,Arctic Tern,44493PZQ_Egevang_etal_2010_STPA,44493PZQ,T,A,-20.45,74.7167,1,"Sand Island, Northeast Greenland",geolocators,11,2,,,JUL,JUL,,BRE,,,,,,,
STPA,Arctic Tern,44493PZQ_Egevang_etal_2010_STPA,44493PZQ,T,B,-22.9167,65.3667,1,"Flatey Island, iceland",geolocators,2,2,,,JUL,JUL,,BRE,,,,,,,
STPA,Arctic Tern,44493PZQ_Egevang_etal_2010_STPA,44493PZQ,T,C,-39,46,10,North Atlantic stopover site,geolocators,12,3,,,AUG,AUG; SEP,,STO,,,,,,,
STPA,Arctic Tern,44493PZQ_Egevang_etal_2010_STPA,44493PZQ,T,D,-20,10,10,West African Coast,geolocators,12,3,,,SEP,SEP,,MIG,,,,,,,
STPA,Arctic Tern,44493PZQ_Egevang_etal_2010_STPA,44493PZQ,T,E,0,-39,10,African coast,geolocators,8,2,,,SEP,NOV,,MIG,,,,,,,
STPA,Arctic Tern,44493PZQ_Egevang_etal_2010_STPA,44493PZQ,T,F,-40,-15,5,east coast of Brazil,geolocators,5,2,,,SEP,NOV,,MIG,,,,,,,
STPA,Arctic Tern,44493PZQ_Egevang_etal_2010_STPA,44493PZQ,T,G,-10,-39,10,~38-40 degrees S,geolocators,12,4,,,NOV,NOV,,MIG,,,,,,,
STPA,Arctic Tern,44493PZQ_Egevang_etal_2010_STPA,44493PZQ,T,H,80,-50,10,Indian Ocean,geolocators,4,2,,,NOV,NOV,,MIG,,,,,,,
STPA,Arctic Tern,44493PZQ_Egevang_etal_2010_STPA,44493PZQ,T,I,-30,-58,10,Atlantic Sector of Southern Ocean,geolocators,12,3,,,DEC,MAR,,WIN,,,,,,,
STPA,Arctic Tern,44493PZQ_Egevang_etal_2010_STPA,44493PZQ,T,J,-39,46,10,North Atlantic stopover site,geolocators,12,3,,,MAY,MAY,,MIG; STO,,,,,,,
STPA,Arctic Tern,KFSV5VBQ_McKnight_etal_2013_STPA,KFSV5VBQ,T,A,-148.3333,61,1,"Harriman Fjord, Prince William Sound, Alaska",geolocator,7,1,,,JUL,AUG,,BRE,,,,,,,
STPA,Arctic Tern,KFSV5VBQ_McKnight_etal_2013_STPA,KFSV5VBQ,T,B,-125,40,5,California current off coast of Oregon and Northern California,geolocator,7,2,,,AUG,AUG,,STO,,,,,,,
STPA,Arctic Tern,KFSV5VBQ_McKnight_etal_2013_STPA,KFSV5VBQ,T,C,-83,-6,10,northern Humboldt Current off coast of Ecuador and Peru,geolocator,7,3,,,AUG; SEP,OCT,,STO,,,,,,,
STPA,Arctic Tern,KFSV5VBQ_McKnight_etal_2013_STPA,KFSV5VBQ,T,D,-75,-34,5,Chilean coast,geolocator,4,2,,,OCT,OCT,,STO,,,,,,,
STPA,Arctic Tern,KFSV5VBQ_McKnight_etal_2013_STPA,KFSV5VBQ,T,E,-58,-42,5,Argentinian coast,geolocator,6,4,,,OCT,NOV,,STO,,,,,,,
STPA,Arctic Tern,KFSV5VBQ_McKnight_etal_2013_STPA,KFSV5VBQ,T,F,-35,-64,5,Weddell Sea region,geolocator,5,1,,,NOV,MAR,,WIN,,,,,,,
STPA,Arctic Tern,KFSV5VBQ_McKnight_etal_2013_STPA,KFSV5VBQ,T,G,-137,-72,1,boundary of the Amundsen and Ross Seas,geolocator,2,1,,,DEC,MAR,,WIN,,,,,,,
STPA,Arctic Tern,IWRDTMAF_Perrow_etal_2011_STPA,IWRDTMAF,O,A,-4.608,53.421,5,"The Skerries, North Wales UK",sightings; visual survey,8,,,,JUN,JUN,,BRE; FEE,,,,,,,
THCR,Grey-headed Albatross,P7MAWJJX_Phalan_etal_2007_Thcr,P7MAWJJX,T,A,-38,-54,1,"Bird Island, South Georgia (-54, -38)",SATELLITE TAG (ARGOS),40,2,,2002; 2003,JAN; FEB; MAR; NOV; DEC; (UNK),JAN; FEB; MAR; NOV; DEC; (UNK),,NES,,,,,,,
THCR,Grey-headed Albatross,P7MAWJJX_Phalan_etal_2007_Thcr,P7MAWJJX,T,B,-60,-60,10,"Oceanic waters around South Georgia, south to tip of Antarctic Peninsula",SATELLITE TAG (ARGOS),40,2,,2002; 2003,JAN; FEB; MAR; NOV; DEC; (UNK),JAN; FEB; MAR; NOV; DEC; (UNK),,FEE,,,,,,,
THCR,Grey-headed Albatross,S8GP4DWC_Phillips_etal_2009_Thcr,S8GP4DWC,T,A,-38.05,-54,5,"Bird Island, South Georgia (-54.0, -38.05)",SATELLITE TAG (ARGOS),11,2,,1993; 1994; 1995; 1996; 2001,JAN; FEB; MAR; APR; MAY; (UNK),JAN; FEB; MAR; APR; MAY; (UNK),,NES,,,,,,,
THCR,Grey-headed Albatross,S8GP4DWC_Phillips_etal_2009_Thcr,S8GP4DWC,T,B,-49,-60.16,5,"Oceanic, slope, and neritic waters surrounding South Georgia Islands (-45 - -59, -20 - -60)",SATELLITE TAG (ARGOS),11,2,,1993; 1994; 1995; 1996; 2001,JAN; FEB; MAR; APR; MAY; (UNK),JAN; FEB; MAR; APR; MAY; (UNK),,FEE,,,,,,,
THME,Black-browed Albatross,P7MAWJJX_Phalan_etal_2007_Thme,P7MAWJJX,T,A,-38,-54,1,"Bird Island, South Georgia (-54, -38)",SATELLITE TAG (ARGOS),13,,,2002,JAN; FEB; MAR; (UNK),JAN; FEB; MAR; (UNK),,NES,,,,,,,
THME,Black-browed Albatross,S8GP4DWC_Phillips_etal_2009_Thme,S8GP4DWC,T,A,-38,-54,5,"Bird Island, South Georgia (-54.0, -38.05)",SATELLITE TAG (ARGOS),13,2,,1992; 1993; 1994; 2002,JAN; FEB; MAR; APR; MAY; (UNK),JAN; FEB; MAR; APR; MAY; (UNK),,NES,,,,,,,
THME,Black-browed Albatross,S8GP4DWC_Phillips_etal_2009_Thme,S8GP4DWC,T,B,-46.2,-60.48,5,"Waters surrounding South Georgia Islands, up to 1500 km away (-35 - -60, -15 - -60)",SATELLITE TAG (ARGOS),13,2,,1992; 1993; 1994; 2002,JAN; FEB; MAR; APR; MAY; (UNK),JAN; FEB; MAR; APR; MAY; (UNK),,FEE,,,,,,,
THME,Black-browed Albatross,U7PAHFF9_Merkel_etal_2016_Thme,U7PAHFF9,T,A,-38,-54,1,"Bird Island, South Georgia",GEOLOCATOR (GLS); SATELLITE TAG (GPS),34,,,2015,DEC,JAN,,NES,,,,,,,
